2453000.2292	3.7	
2453000.2660	3.6	
2453000.4479	3.4	
2453000.52	3.6	
2453000.5222	3.6	
2453000.5847	3.6	
2453000.6563	3.3	
2453000.8333	3.6	
2453001.2611	3.7	
2453001.3757	3.5	
2453001.4243	4.0	
2453001.49	<3.8	
2453001.5729	3.8	
2453001.5778	3.8	
2453001.8333	3.8	
2453002.2708	3.9	
2453002.3021	3.9	
2453002.310	3.8	
2453002.4875	4.2	
2453002.5618	3.6	
2453003.2653	4.0	
2453003.5236	4.2	
2453003.6187	4.0	
2453004.2889	4.2	
2453004.50	4.2	
2453004.6160	4.2	
2453005.53	3.7	
2453005.5896	4.0	
2453006.4757	4.0	
2453007.2771	4.0	
2453007.3313	4.0	
2453007.6667	4.0	
2453009.2229	4.6	
2453009.6069	4.3	
2453010.3271	4.8	
2453010.9549	3.8	
2453011.5319	3.5	
2453011.5694	3.9	
2453013.6187	4.0	
2453013.6924	3.9	
2453014.2618	4.0	
2453014.6410	4.0	
2453014.6944	4.2	
2453014.8056	4.0	
2453015.6257	4.0	
2453015.7090	4.1	
2453015.7757	3.8	
2453016.5306	4.0	
2453016.5667	3.5	
2453016.6708	3.6	
2453016.68	3.6	
2453016.7333	3.5	
2453017.2257	3.6	
2453017.2319	3.5	
2453017.7722	3.8	
2453018.616	3.8	
2453018.6361	4.0	
2453018.9861	4.2	
2453019.2063	4.1	
2453019.7208	4.0	
2453019.7528	3.9	
2453020.2993	4.8	
2453020.6257	4.2	
2453021.5694	4.1	
2453022.4993	3.8	
2453023.2014	3.6	
2453023.2340	3.6	
2453023.3194	3.7	
2453024.4757	4.1	
2453024.5306	3.7	
2453024.6438	3.9	
2453024.6479	4.0	
2453024.67	4.1	
2453025.252	4.2	
2453025.3236	4.3	
2453025.3819	4.0	
2453025.566	4.0	
2453025.6326	4.2	
2453026.3194	4.0	
2453026.3924	3.9	
2453026.4799	4.4	
2453026.5861	4.2	
2453026.6299	4.2	
2453027.1868	4.3	
2453027.6181	3.4	
2453027.6208	3.8	
2453027.67	3.6	
2453028.2514	3.7	
2453028.2562	3.7	
2453028.3215	3.6	
2453028.6549	3.6	
2453029.2590	3.9	
2453029.5243	4.0	
2453029.781	3.9	
2453030.2417	4.5	
2453030.2646	4.0	
2453030.6007	3.9	
2453031.6326	3.9	
2453032.5660	3.9	
2453032.5833	3.4	
2453034.2778	4.0	
2453035.2160	4.0	
2453035.2396	3.7	
2453035.7889	4.0	
2453036.2118	4.3	
2453036.319	4.0	
2453036.7653	4.0	
2453037.3375	3.9	
2453037.6021	3.6	
2453038.2931	3.8	
2453038.6056	3.5	
2453038.6160	3.9	
2453038.6833	3.8	
2453039.5785	4.1	
2453039.6465	3.9	
2453040.2583	4.6	
2453040.5806	3.9	
2453040.5896	4.3	
2453040.7174	4.0	
2453041.1979	4.1	
2453041.2569	4.1	
2453041.6007	4.1	
2453042.2493	4.8	
2453043.5625	3.6	
2453044.2389	4.0	
2453044.2569	3.7	
2453044.2708	3.9	
2453044.2826	3.6	
2453044.5097	3.7	
2453044.5159	3.8	
2453044.5208	3.8	
2453044.5722	4.0	
2453045.2313	4.0	
2453045.2764	4.0	
2453045.3229	3.6	
2453045.3646	3.9	
2453046.4958	4.2	
2453046.5694	3.8	
2453046.6	3.9	
2453047.1847	3.7	
2453047.2319	4.2	
2453047.2674	4.1	
2453047.3264	4.0	
2453047.6132	4.0	
2453048.2396	4.4	
2453048.5785	3.8	
2453049.2653	3.7	
2453049.2743	3.7	
2453050.2493	4.0	
2453050.5431	3.7	
2453051.2639	4.0	
2453051.3229	3.9	
2453051.4924	4.2	
2453051.5104	4.2	
2453051.5145	4.6	
2453051.5826	3.8	
2453051.6042	3.9	
2453051.98	4.1	
2453052.5049	4.3	
2453053.3229	4.0	
2453053.5903	4.2	
2453053.5986	3.9	
2453053.6632	3.9	
2453053.98	4.0	
2453054.2701	3.6	
2453054.7264	3.8	
2453054.97	3.8	
2453055.2444	3.6	
2453055.6153	3.8	
2453055.6264	3.9	
2453056.25	3.9	
2453056.3840	3.7	
2453056.4549	3.8	
2453056.5965	4.0	
2453057.3667	4.1	
2453057.5951	4.1	
2453058.2701	3.9	
2453058.5694	4.2	
2453058.5958	4.2	
2453058.6285	4.2	
2453059.3194	3.8	
2453059.5930	3.8	
2453059.6007	3.9	
2453060.2625	3.9	
2453060.5569	3.8	
2453060.5701	4.0	
2453061.7424	3.6	
2453062.5174	4.2	
2453062.96	4.2	
2453063.5944	4.2	
2453063.676	4.2	
2453064.2118	3.8	
2453064.6694	4.1	
2453065.239	3.8	
2453065.6111	3.4	
2453065.6493	4.0	
2453066.3125	3.9	
2453067.7299	3.9	
2453068.2882	4.0	
2453069.2153	4.1	
2453069.6333	3.9	
2453069.6771	4.0	
2453070.2604	3.9	
2453070.3056	3.8	
2453071.2604	3.6	
2453071.634	3.9	
2453073.6618	3.9	
2453074.2986	4.0	
2453074.5576	3.7	
2453074.6201	4.0	
2453074.6354	4.1	
2453074.6771	4.0	
2453075.3229	3.9	
2453075.5437	3.8	
2453075.5729	3.8	
2453075.6861	3.7	
2453075.7000	3.8	
2453076.2861	3.5	
2453076.6271	3.8	
2453076.653	3.6	
2453076.6563	3.9	
2453076.6778	3.9	
2453077.2264	4.0	
2453077.2924	4.0	
2453077.3194	3.9	
2453077.7104	4.0	
2453077.96	4.1	
2453078.2403	3.9	
2453078.3090	4.0	
2453078.6097	3.8	
2453078.6271	4.0	
2453079.7201	4.0	
2453080.2708	3.8	
2453080.3528	4.0	
2453082.3271	3.6	
2453082.6299	3.9	
2453083.6506	4.4	
2453084.6833	3.9	
2453085.3083	4.4	
2453085.7354	4.1	
2453086.6396	3.4	
2453086.6611	3.9	
2453088.610	3.8	
2453088.641	3.9	
2453088.6847	4.2	
2453093.3438	3.9	
2453093.5583	3.9	
2453093.6333	4.1	
2453093.6507	4.0	
2453094.2868	3.5	
2453094.3347	4.0	
2453094.6375	4.1	
2453094.7049	4.1	
2453095.3806	4.0	
2453096.3333	4.0	
2453096.587	3.8	
2453096.6646	3.9	
2453096.6799	4.1	
2453097.3097	3.8	
2453097.6493	3.8	
2453097.7194	3.7	
2453098.2847	3.9	
2453098.3347	3.6	
2453098.6507	4.0	
2453098.7458	3.8	
2453099.3174	3.9	
2453099.3243	4.1	
2453099.5417	4.0	
2453099.7160	4.1	
2453100.3090	3.9	
2453100.6889	4.1	
2453100.7000	4.1	
2453101.3056	4.0	
2453102.2931	3.4	
2453102.3333	3.9	
2453102.428	3.5	
2453102.6604	3.5	
2453103.3528	3.8	
2453103.556	3.8	
2453103.7313	4.0	
2453103.9792	3.6	
2453104.3118	2.9	
2453104.8285	<4.1	
2453105.6792	4.0	
2453105.7299	4.1	
2453105.7472	4.0	
2453106.6694	4.2	
2453106.675	4.2	
2453106.7694	4.3	
2453107.3438	4.0	
2453107.3965	3.7	
2453108.3333	3.8	
2453109.3299	3.6	
2453109.9688	3.9	
2453110.5819	4.4	
2453110.7375	4.0	
2453111.3326	4.1	
2453111.3333	3.5	
2453111.3368	4.1	
2453112.3507	4.1	
2453112.7653	4.0	
2453113.8014	3.7	
2453114.6611	4.0	
2453115.3924	3.9	
2453116.7722	4.1	
2453117.5224	3.8	
2453118.3847	3.6	
2453118.5208	3.4	
2453118.6861	3.8	
2453118.7556	3.8	
2453120.7049	4.0	
2453120.7132	4.0	
2453120.7840	3.9	
2453121.3208	3.8	
2453121.4562	4.0	
2453122.9236	4.0	
2453124.3306	3.6	
2453124.3854	3.9	
2453124.5923	3.8	
2453125.7556	3.9	
2453126.7167	4.0	
2453127.2917	4.0	
2453127.7271	4.1	
2453129.6687	3.9	
2453130.3590	3.9	
2453131.7236	4.0	
2453131.9375	3.8	
2453133.6131	4.0	
2453135.3681	3.6	
2453135.7111	3.9	
2453139.3951	4.3	
2453140.7201	3.8	
2453140.9493	3.6	
2453142.7514	3.9	
2453143.3874	4.0	
2453143.7146	4.1	
2453144.75	4.2	
2453145.3924	3.6	
2453145.6104	3.5	
2453146.5	4.0	
2453147.3125	4.0	
2453147.3132	4.0	
2453147.3333	3.3	
2453147.934	4.0	
2453147.9688	3.9	
2453148.4410	4.1	
2453149.3743	4.3	
2453150.3403	4.0	
2453150.3640	3.9	
2453150.4389	3.6	
2453150.5646	4.4	
2453150.7674	3.6	
2453151.3687	3.7	
2453151.6771	3.8	
2453152.4284	3.8	
2453153.3229	3.8	
2453153.3556	3.9	
2453153.5215	4.1	
2453153.7125	4.1	
2453154.3568	4.0	
2453154.359	4.0	
2453154.6174	4.1	
2453155.3715	3.9	
2453155.3833	4.3	
2453155.3917	4.1	
2453155.4826	3.6	
2453155.5965	3.9	
2453156.3613	3.6	
2453156.4688	3.5	
2453156.7556	3.6	
2453157.3972	3.8	
2453157.7493	4.0	
2453157.7694	4.2	
2453158.7681	4.0	
2453159.7639	4.1	
2453160.6250	4.0	
2453160.6771	4.0	
2453160.7542	4.0	
2453161.6361	3.7	
2453161.7465	3.6	
2453161.7479	3.9	
2453162.4306	3.8	
2453163.3686	3.9	
2453163.3813	4.1	
2453164.3542	4.0	
2453164.3840	4.0	
2453165.3593	4.3	
2453165.3792	4.4	
2453165.6674	4.0	
2453165.7368	4.2	
2453165.7687	4.3	
2453166.7465	3.8	
2453167.5243	3.6	
2453167.6215	3.3	
2453168.409	3.8	
2453168.89	4.3	
2453169.3542	4.0	
2453169.3702	4.0	
2453169.4049	4.1	
2453169.7	4.1	
2453169.9285	3.8	
2453169.96	4.1	
2453170.3792	4.3	
2453170.3896	4.0	
2453170.4299	4.5	
2453171.7542	4.0	
2453171.7653	4.0	
2453172.7479	3.8	
2453173.3831	3.7	
2453173.6875	4.1	
2453174.4701	4.1	
2453174.7333	4.1	
2453175.8188	3.8	
2453176.3819	4.1	
2453176.4285	4.3	
2453176.6229	4.2	
2453176.6340	4.4	
2453176.7	4.2	
2453176.7285	3.8	
2453176.7583	4.0	
2453176.8576	4.0	
2453177.7	3.6	
2453177.7083	3.7	
2453177.7486	3.9	
2453177.8514	3.9	
2453178.4493	3.7	
2453178.7639	3.9	
2453179.3707	3.9	
2453180.4049	4.0	
2453180.4819	3.6	
2453180.7778	4.0	
2453180.8028	4.1	
2453180.92	4.1	
2453181.3625	3.9	
2453181.4076	4.0	
2453181.4639	4.1	
2453181.7674	4.1	
2453181.7924	4.2	
2453182.3787	3.8	
2453182.4090	4.0	
2453182.7681	3.8	
2453182.87	4.0	
2453183.4090	3.5	
2453183.4097	3.3	
2453183.4202	3.5	
2453183.7479	3.5	
2453183.86	4.0	
2453184.3750	3.6	
2453184.4368	4.0	
2453184.6701	3.9	
2453184.6972	4.1	
2453184.7653	3.9	
2453185.3889	4.0	
2453185.6097	4.4	
2453185.7639	4.1	
2453186.759	4.2	
2453187.3799	4.5	
2453187.4410	3.8	
2453188.6701	3.4	
2453188.7917	3.4	
2453189.6715	3.8	
2453190.4285	4.0	
2453190.4306	4.0	
2453191.6674	4.2	
2453191.7	4.2	
2453192.4188	4.0	
2453192.4444	4.4	
2453192.7514	4.0	
2453192.7618	4.2	
2453193.3785	3.6	
2453193.4	4.0	
2453193.4201	3.7	
2453193.4313	3.6	
2453193.5910	3.4	
2453193.6055	3.4	
2453195.4271	3.9	
2453195.4785	3.7	
2453195.8993	4.5	
2453196.3819	4.0	
2453196.3958	4.0	
2453196.4396	4.1	
2453196.7604	4.0	
2453197.675	4.3	
2453197.7090	4.3	
2453197.7646	4.1	
2453198.3646	4.0	
2453198.3933	3.9	
2453198.4313	3.7	
2453198.7104	4.0	
2453199.4292	3.5	
2453199.679	3.7	
2453199.7111	3.8	
2453199.7479	3.8	
2453199.7604	3.6	
2453200.3495	3.9	
2453200.3972	3.9	
2453200.4271	4.0	
2453200.6389	3.7	
2453201.6319	3.5	
2453201.7986	4.1	
2453202.4410	3.8	
2453202.6000	4.0	
2453202.7	4.2	
2453202.7813	4.2	
2453202.7917	4.2	
2453203.5875	3.9	
2453203.5944	4.0	
2453203.7521	4.0	
2453203.7907	3.8	
2453204.6576	3.5	
2453205.3659	3.6	
2453205.3799	3.3	
2453205.4326	3.6	
2453205.4403	3.2	
2453205.681	3.9	
2453206.2812	3.8	
2453206.3418	3.9	
2453206.3625	3.9	
2453206.4194	3.7	
2453206.4194	4.0	
2453206.4944	4.1	
2453206.690	4.1	
2453206.7556	4.1	
2453207.3512	4.0	
2453207.4	3.8	
2453207.5069	4.1	
2453207.6083	4.0	
2453207.7618	4.0	
2453208.3631	4.2	
2453208.3924	3.9	
2453208.7708	3.8	
2453209.3517	3.7	
2453209.3576	3.8	
2453209.9542	3.3	
2453210.3479	3.7	
2453210.3805	3.5	
2453210.3896	3.8	
2453210.3910	3.4	
2453210.4271	3.4	
2453210.7500	3.9	
2453211.3125	3.9	
2453211.3958	3.8	
2453211.5035	3.6	
2453211.6020	3.9	
2453211.6736	3.9	
2453212.3854	4.1	
2453213.2812	4.0	
2453213.3611	4.2	
2453214.3646	4.3	
2453214.670	4.1	
2453214.7458	3.6	
2453215.3688	3.6	
2453215.7500	3.5	
2453215.8174	3.6	
2453216.3597	3.6	
2453216.5021	3.8	
2453216.7160	4.0	
2453217.3799	4.3	
2453217.4167	3.9	
2453217.4285	4.3	
2453217.4861	4.0	
2453217.7306	4.0	
2453218.83	4.3	
2453219.2604	4.1	
2453219.4167	4.2	
2453219.5896	4.2	
2453219.734	4.1	
2453220.5743	3.4	
2453220.5875	4.0	
2453220.6562	3.4	
2453220.7049	4.0	
2453220.8333	3.6	
2453221.2167	4.0	
2453221.3451	3.5	
2453221.5729	3.6	
2453221.5826	4.0	
2453221.74	4.6	
2453222.25	3.9	
2453222.3395	4.0	
2453222.3736	3.6	
2453222.4319	4.0	
2453222.7131	3.8	
2453223.3333	3.9	
2453223.3375	4.2	
2453223.3958	4.2	
2453223.4007	4.1	
2453223.662	4.1	
2453223.7847	4.2	
2453224.2917	3.9	
2453224.3368	3.9	
2453224.3375	4.2	
2453224.3625	4.2	
2453224.4403	4.3	
2453224.5118	3.8	
2453224.5653	4.1	
2453224.674	4.2	
2453224.7618	4.2	
2453224.81	4.3	
2453225.2569	3.9	
2453225.3375	4.0	
2453225.3500	4.1	
2453225.3646	3.6	
2453225.4035	3.7	
2453225.6014	3.9	
2453225.6229	3.7	
2453225.674	3.8	
2453225.7243	3.8	
2453226.3118	3.6	
2453226.3333	3.6	
2453226.3507	3.8	
2453226.3540	3.5	
2453226.3958	3.4	
2453226.3958	3.9	
2453226.4458	3.5	
2453226.673	3.7	
2453226.6833	3.9	
2453226.7312	3.8	
2453227.3201	3.8	
2453227.3290	3.7	
2453227.3438	3.8	
2453227.3785	3.9	
2453227.6042	4.0	
2453227.72	4.3	
2453227.7458	4.0	
2453227.7563	4.0	
2453228.3854	4.1	
2453228.5028	4.2	
2453229.4469	3.9	
2453229.4792	4.2	
2453229.4958	3.6	
2453229.5118	4.2	
2453229.673	4.2	
2453229.741	4.0	
2453229.7813	4.1	
2453229.8993	4.1	
2453229.9069	4.3	
2453230.3694	3.1	
2453230.3708	4.1	
2453230.3785	3.7	
2453230.4056	4.1	
2453230.6771	4.0	
2453230.7097	3.9	
2453230.77	4.2	
2453231.2708	3.8	
2453231.3778	3.5	
2453231.4444	3.6	
2453231.4472	3.4	
2453231.6	3.4	
2453231.7424	3.9	
2453232.3299	3.6	
2453232.3965	4.0	
2453232.4444	3.6	
2453232.5049	3.6	
2453232.6021	3.9	
2453232.638	4.0	
2453232.6549	3.5	
2453232.7396	3.9	
2453232.7951	3.5	
2453232.9062	3.5	
2453233.2812	3.9	
2453233.3	3.8	
2453233.3569	4.1	
2453233.3632	3.7	
2453233.4222	3.8	
2453233.4431	4.0	
2453233.5	4.1	
2453233.6167	4.0	
2453233.652	4.2	
2453233.78	4.1	
2453234.3083	4.2	
2453234.3618	4.2	
2453234.4125	3.9	
2453234.4576	4.0	
2453234.5326	4.1	
2453234.680	4.2	
2453234.7507	4.2	
2453235.5861	3.9	
2453235.725	4.0	
2453235.7500	4.2	
2453236.2778	3.7	
2453236.3653	3.9	
2453236.3757	3.5	
2453236.3778	3.5	
2453236.3875	3.8	
2453236.3958	3.5	
2453236.4090	3.7	
2453236.4306	3.4	
2453236.432	3.6	
2453236.4444	3.7	
2453236.91	3.5	
2453237.3319	3.4	
2453237.3611	3.5	
2453237.3646	3.6	
2453237.4222	3.9	
2453237.4583	3.7	
2453237.7694	3.8	
2453238.3194	3.8	
2453238.3292	4.0	
2453239.2951	4.0	
2453239.3701	4.0	
2453239.3979	4.1	
2453239.5236	4.2	
2453239.593	4.1	
2453239.6479	4.2	
2453239.77	4.3	
2453240.2847	4.1	
2453240.3194	3.8	
2453240.3736	4.2	
2453240.3958	4.2	
2453240.4104	4.6	
2453240.5854	4.3	
2453240.6146	4.3	
2453240.658	4.2	
2453241.3076	4.2	
2453241.3264	3.9	
2453241.5500	3.6	
2453241.6007	4.1	
2453241.6319	3.9	
2453241.7674	3.9	
2453242.3055	3.5	
2453242.3264	3.4	
2453242.3333	3.6	
2453242.3701	3.9	
2453242.3729	3.5	
2453242.5438	3.6	
2453242.616	3.6	
2453242.6527	3.8	
2453242.7146	3.9	
2453242.7500	3.8	
2453242.77	3.9	
2453243.3333	3.8	
2453243.3646	3.7	
2453243.5493	3.8	
2453243.6042	4.1	
2453243.7014	3.9	
2453244.3326	4.1	
2453244.3472	3.8	
2453244.3472	3.9	
2453244.3542	4.0	
2453244.3750	4.2	
2453244.4097	4.0	
2453244.4847	3.7	
2453244.4861	3.8	
2453244.6111	4.5	
2453244.7604	3.8	
2453245.2708	4.0	
2453245.3299	3.8	
2453245.3910	4.3	
2453245.7556	4.1	
2453245.84	4.1	
2453246.3458	3.8	
2453246.3500	4.4	
2453246.3681	3.8	
2453246.4111	4.0	
2453246.5264	4.1	
2453246.7215	4.0	
2453247.3132	3.8	
2453247.3333	3.6	
2453247.3389	4.0	
2453247.3549	3.7	
2453247.3708	3.3	
2453247.5458	3.9	
2453248.566	4.0	
2453248.6556	3.9	
2453248.78	3.6	
2453248.7951	3.9	
2453249.3521	3.9	
2453249.4125	3.7	
2453249.4875	4.0	
2453249.5431	4.1	
2453249.5826	4.0	
2453249.5833	4.1	
2453250.2917	3.7	
2453250.2993	4.2	
2453250.461	4.0	
2453250.5208	4.1	
2453250.5479	4.1	
2453251.3	4.0	
2453251.3104	4.0	
2453251.3104	4.3	
2453251.3363	3.9	
2453251.4569	4.4	
2453251.4576	4.3	
2453251.5326	4.2	
2453251.6319	3.8	
2453251.6458	3.0	
2453251.684	3.9	
2453251.7014	4.0	
2453251.7917	4.0	
2453252.2993	4.0	
2453252.3021	3.6	
2453252.3124	3.8	
2453252.3125	3.5	
2453252.3264	3.9	
2453252.3757	4.0	
2453252.3972	3.6	
2453252.5201	3.7	
2453252.5222	3.8	
2453252.5264	3.6	
2453252.545	3.6	
2453252.6903	3.5	
2453252.7917	3.6	
2453253.3972	3.5	
2453253.3979	3.5	
2453253.7917	3.8	
2453254.2715	3.7	
2453254.2917	3.8	
2453254.3056	3.5	
2453254.3153	3.7	
2453254.3475	3.7	
2453254.3813	3.9	
2453254.3917	3.8	
2453254.5972	3.9	
2453254.6083	3.7	
2453254.6764	3.5	
2453254.6771	4.0	
2453254.7292	4.1	
2453255.2736	4.1	
2453255.2778	3.9	
2453255.2917	4.0	
2453255.3576	4.0	
2453255.5313	4.0	
2453255.5833	4.3	
2453255.6438	4.1	
2453255.6500	4.2	
2453255.6806	3.8	
2453256.2931	4.2	
2453256.3125	4.4	
2453256.3264	3.7	
2453256.3778	4.2	
2453256.4111	4.3	
2453256.5181	4.1	
2453256.5972	4.5	
2453256.673	4.2	
2453256.6736	4.1	
2453256.7917	4.2	
2453257.2743	3.9	
2453257.3007	3.8	
2453257.3451	5.3	
2453257.4313	4.3	
2453257.4319	4.3	
2453257.4757	4.0	
2453257.6007	3.8	
2453257.7194	3.9	
2453257.7556	3.8	
2453258.2847	3.3	
2453258.3097	3.6	
2453258.3104	3.4	
2453258.3222	3.3	
2453258.3722	3.1	
2453258.579	3.7	
2453258.6007	3.5	
2453258.7917	3.6	
2453259.2917	3.6	
2453259.3021	3.7	
2453259.3035	3.7	
2453259.3306	4.0	
2453259.3986	3.9	
2453259.4	4.0	
2453259.510	3.7	
2453259.5188	3.9	
2453259.583	3.9	
2453259.6076	3.7	
2453259.7917	3.8	
2453260.2632	4.1	
2453260.2778	3.7	
2453260.2917	4.1	
2453260.3007	4.2	
2453260.4264	3.7	
2453260.4285	3.8	
2453260.6472	4.1	
2453260.6646	3.9	
2453260.7146	3.9	
2453260.7917	3.9	
2453261.4375	4.0	
2453261.5222	4.1	
2453261.601	4.2	
2453261.6681	4.0	
2453261.6965	3.9	
2453261.7917	3.9	
2453262.2931	4.3	
2453262.2986	3.9	
2453262.5208	4.1	
2453262.5597	4.1	
2453262.666	4.2	
2453262.7583	3.9	
2453263.291	3.6	
2453263.3	3.6	
2453263.3125	3.5	
2453263.3924	3.5	
2453263.4063	3.6	
2453263.4437	3.6	
2453263.4444	3.6	
2453263.5090	3.4	
2453263.5472	3.5	
2453263.6458	3.6	
2453263.676	3.7	
2453263.7639	3.5	
2453263.7639	3.6	
2453263.7917	3.6	
2453263.8243	3.9	
2453263.8382	3.5	
2453264.3465	3.4	
2453264.3861	3.4	
2453264.3868	3.7	
2453264.3875	3.7	
2453264.7083	4.0	
2453264.7528	3.9	
2453265.2604	3.9	
2453265.2708	3.6	
2453265.3049	4.0	
2453265.3382	4.0	
2453265.3688	3.6	
2453265.3833	3.9	
2453265.384	3.8	
2453265.4583	3.9	
2453265.5084	4.0	
2453265.5382	4.0	
2453266.2590	4.0	
2453266.2993	4.2	
2453266.3021	3.9	
2453266.3246	4.1	
2453266.3319	4.2	
2453266.3431	3.6	
2453266.3438	4.1	
2453266.3444	4.0	
2453266.4061	3.9	
2453266.4410	4.4	
2453266.5312	4.1	
2453266.583	4.1	
2453266.7917	4.0	
2453267.2778	4.1	
2453267.2847	4.0	
2453267.2931	4.1	
2453267.3264	4.1	
2453267.341	4.3	
2453267.3861	4.2	
2453267.4271	4.0	
2453267.4604	4.3	
2453267.4611	4.2	
2453267.4917	4.2	
2453267.5569	4.2	
2453267.5806	4.0	
2453267.5833	3.5	
2453267.584	4.2	
2453267.5993	4.3	
2453267.6556	3.6	
2453267.7917	3.8	
2453268.2569	4.0	
2453268.2778	3.8	
2453268.2812	4.0	
2453268.2826	3.6	
2453268.3326	4.1	
2453268.4618	3.9	
2453268.4646	3.8	
2453268.5097	3.9	
2453268.547	3.8	
2453268.5729	3.5	
2453268.5972	3.8	
2453268.6535	3.8	
2453268.7347	3.5	
2453269.2778	3.6	
2453269.3903	3.6	
2453269.449	3.6	
2453269.4618	3.7	
2453269.4653	3.6	
2453269.5063	3.3	
2453269.5694	3.5	
2453269.583	3.7	
2453269.5972	3.7	
2453269.6444	3.6	
2453269.6542	3.6	
2453269.7223	3.6	
2453269.7451	3.9	
2453269.7917	3.6	
2453270.3125	3.8	
2453270.3736	3.8	
2453270.3743	3.8	
2453270.556	4.0	
2453270.6271	3.9	
2453270.7049	3.9	
2453270.7500	4.1	
2453270.7917	3.8	
2453271.2708	3.9	
2453271.3097	4.1	
2453271.3757	4.3	
2453271.3771	4.2	
2453271.3972	3.9	
2453271.5118	3.9	
2453271.5451	3.8	
2453271.5819	3.7	
2453271.6278	4.1	
2453271.633	4.1	
2453271.7340	4.0	
2453272.2701	4.1	
2453272.2708	3.9	
2453272.3125	3.8	
2453272.4389	4.4	
2453272.4403	4.3	
2453272.5146	4.1	
2453272.625	4.1	
2453272.7056	4.2	
2453272.7917	3.9	
2453273.2708	4.0	
2453273.4292	4.1	
2453273.4299	4.0	
2453273.5083	4.1	
2453273.6493	3.9	
2453273.7917	3.8	
2453274.3333	3.4	
2453274.3653	3.7	
2453274.366	3.7	
2453274.556	3.6	
2453275.3111	3.5	
2453275.3799	4.0	
2453275.4292	3.8	
2453275.4299	3.7	
2453275.4979	4.0	
2453275.5889	4.0	
2453275.6417	3.9	
2453275.7917	3.7	
2453276.2639	3.8	
2453276.3299	4.1	
2453276.3944	3.9	
2453276.3944	4.0	
2453276.6333	4.0	
2453276.6576	4.0	
2453277.6111	3.9	
2453278.25	4.0	
2453278.359	4.2	
2453278.3597	4.1	
2453278.5139	4.2	
2453278.6257	4.1	
2453278.6555	4.4	
2453279.2569	3.6	
2453279.2819	3.5	
2453279.3924	3.7	
2453279.3931	3.7	
2453279.6486	3.5	
2453280.303	3.5	
2453280.3111	3.8	
2453280.3549	3.7	
2453280.5069	3.6	
2453280.68	4.0	
2453281.2569	4.0	
2453281.3111	4.0	
2453281.3299	3.8	
2453281.3507	3.8	
2453281.4736	3.8	
2453281.475	3.7	
2453281.5125	4.0	
2453281.5444	4.13	
2453281.611	4.0	
2453281.64	4.3	
2453281.7917	4.0	
2453282.2431	4.0	
2453282.2708	4.0	
2453282.3993	3.6	
2453282.4931	4.0	
2453282.540	4.2	
2453282.5687	3.8	
2453282.6076	4.3	
2453282.6146	4.0	
2453282.6167	4.1	
2453282.6368	4.1	
2453283.2604	4.1	
2453283.2688	4.0	
2453283.2708	4.0	
2453283.4201	4.0	
2453283.4833	4.1	
2453283.524	4.2	
2453283.5319	4.0	
2453283.5472	4.1	
2453283.6111	4.5	
2453283.66	4.2	
2453283.6903	4.2	
2453283.7500	4.2	
2453284.2708	4.1	
2453284.2826	3.8	
2453284.2951	3.7	
2453284.3444	4.2	
2453284.3549	3.9	
2453284.3833	3.4	
2453284.3958	3.8	
2453284.4819	3.55	
2453284.4826	3.9	
2453284.4875	3.8	
2453284.6076	3.5	
2453284.6090	3.9	
2453284.6188	3.7	
2453284.670	3.8	
2453284.69	4.0	
2453284.7069	3.9	
2453284.7500	3.7	
2453285.2313	3.5	
2453285.2903	3.5	
2453285.3368	3.5	
2453285.3632	3.5	
2453285.419	3.6	
2453285.4764	3.6	
2453285.4826	3.3	
2453285.533	3.7	
2453285.6167	3.7	
2453285.6549	3.9	
2453285.6634	3.7	
2453285.7500	3.7	
2453285.7917	3.7	
2453286.2639	3.7	
2453286.3347	3.7	
2453286.4326	3.9	
2453286.4896	3.7	
2453286.6083	3.9	
2453286.6306	4.1	
2453286.65	4.1	
2453286.7535	3.9	
2453286.7917	3.9	
2453287.2326	3.7	
2453287.2986	3.8	
2453287.3146	3.9	
2453287.3333	3.9	
2453287.5861	3.8	
2453288.2778	4.0	
2453288.336	4.1	
2453288.3639	4.2	
2453288.64	4.2	
2453288.731	4.2	
2453288.7389	4.1	
2453288.7917	4.0	
2453289.2569	4.1	
2453289.3021	4.0	
2453289.5028	4.0	
2453289.5111	4.0	
2453289.6076	4.0	
2453289.6125	4.1	
2453289.6132	4.0	
2453289.64	4.1	
2453289.7917	3.9	
2453290.2167	3.7	
2453290.2507	3.6	
2453290.2674	3.8	
2453290.3118	3.8	
2453290.3125	3.6	
2453290.3646	3.3	
2453290.3646	3.6	
2453290.4951	3.4	
2453290.60	4.0	
2453290.6458	3.7	
2453290.7917	3.9	
2453291.2285	3.6	
2453291.2674	3.9	
2453291.284	3.7	
2453291.371	3.6	
2453291.4861	3.6	
2453291.61	4.1	
2453291.6208	3.9	
2453291.6271	3.9	
2453291.7917	3.7	
2453292.2375	4.0	
2453292.2549	4.0	
2453292.2875	4.0	
2453292.3	3.7	
2453292.3021	3.9	
2453292.3417	4.2	
2453292.364	3.8	
2453292.4736	3.8	
2453292.4924	3.8	
2453292.7917	4.0	
2453293.2431	3.8	
2453293.2708	4.0	
2453293.399	4.0	
2453293.4854	4.1	
2453293.67	4.1	
2453294.340	4.3	
2453294.3597	4.0	
2453294.55	3.5	
2453295.347	3.7	
2453295.5375	3.6	
2453295.5687	3.2	
2453295.6388	3.4	
2453295.660	3.6	
2453296.2500	3.4	
2453296.2535	3.8	
2453296.284	3.4	
2453296.3590	3.9	
2453296.6042	3.6	
2453296.6431	3.9	
2453296.663	3.7	
2453297.2264	3.8	
2453297.2528	3.7	
2453297.2674	3.6	
2453297.4194	3.6	
2453298.3021	3.6	
2453298.6076	4.3	
2453299.2785	4.1	
2453299.4667	4.2	
2453299.5667	4.7	
2453300.3153	3.7	
2453301.2639	3.3	
2453301.61	4.0	
2453302.333	3.7	
2453302.683	3.9	
2453303.4472	4.2	
2453303.513	4.1	
2453303.5938	4.0	
2453303.60	4.2	
2453303.6174	4.0	
2453304.1938	3.8	
2453304.4743	4.0	
2453304.6243	3.9	
2453305.4750	4.1	
2453305.5986	4.1	
2453305.6174	4.0	
2453306.2604	3.8	
2453306.4556	3.8	
2453306.5903	3.7	
2453306.5903	3.9	
2453306.6181	3.5	
2453307.2431	3.9	
2453307.4799	3.9	
2453307.66	4.0	
2453308.2681	3.7	
2453308.2708	4.0	
2453308.293	3.7	
2453308.59	4.1	
2453309.5493	4.1	
2453309.57	4.3	
2453309.60	4.2	
2453309.6417	4.1	
2453310.232	4.2	
2453310.3889	4.2	
2453310.4931	4.1	
2453310.6111	4.2	
2453310.6771	3.9	
2453310.6875	4.0	
2453311.2951	3.8	
2453311.4563	3.6	
2453311.5854	3.6	
2453312.290	3.5	
2453313.2118	4.0	
2453313.2611	3.8	
2453313.2993	3.7	
2453313.3056	3.9	
2453313.4604	3.9	
2453313.625	3.8	
2453313.6264	4.1	
2453313.6527	3.8	
2453313.7049	3.8	
2453314.2674	4.2	
2453314.282	3.2	
2453314.294	2.5	
2453314.3701	4.1	
2453314.4062	4.1	
2453315.26	3.4	
2453315.272	3.6	
2453315.3194	4.1	
2453315.3368	4.3	
2453315.5194	4.3	
2453315.5771	4.3	
2453316.6438	4.1	
2453316.652	3.7	
2453317.3063	3.9	
2453317.5375	4.0	
2453317.677	3.6	
2453318.3208	3.7	
2453318.3215	3.7	
2453318.8146	3.9	
2453319.2438	3.7	
2453319.4375	4.0	
2453319.45	4.0	
2453319.4507	4.0	
2453319.5993	3.8	
2453319.7986	4.1	
2453320.3632	4.1	
2453320.4472	4.1	
2453321.5292	3.9	
2453321.5903	4.0	
2453322.2986	3.9	
2453322.3079	3.6	
2453322.5757	3.5	
2453322.667	3.6	
2453323.5264	3.9	
2453323.5278	4.0	
2453323.5534	3.8	
2453323.561	3.8	
2453323.6417	3.8	
2453323.8333	3.9	
2453324.4674	4.1	
2453324.5257	4.1	
2453325.4500	4.1	
2453326.5618	4.2	
2453326.5785	4.0	
2453327.6132	3.7	
2453327.7007	3.9	
2453328.316	3.8	
2453328.6014	3.8	
2453328.6514	3.5	
2453329.3097	3.4	
2453329.4701	3.9	
2453329.6076	3.9	
2453331.2340	3.9	
2453331.2396	4.3	
2453331.252	4.0	
2453331.6944	4.1	
2453332.5792	4.2	
2453332.5958	4.1	
2453332.8333	3.7	
2453333.4535	3.7	
2453335.3090	4.0	
2453335.4757	3.9	
2453335.5847	3.9	
2453335.6	4.1	
2453336.3993	4.1	
2453336.4583	4.2	
2453336.6194	4.0	
2453337.2847	4.0	
2453337.5174	4.0	
2453337.5611	3.9	
2453337.6	3.6	
2453337.8333	4.0	
2453338.5750	3.8	
2453338.8333	3.7	
2453339.3194	3.8	
2453339.4951	3.9	
2453339.69	3.8	
2453340.0916	4.0	
2453340.1118	3.7	
2453340.1188	3.8	
2453341.353	3.9	
2453341.4375	4.0	
2453341.5771	3.9	
2453341.61	4.0	
2453342.305	4.2	
2453342.3354	4.1	
2453342.4493	4.2	
2453342.5025	4.3	
2453342.61	4.1	
2453342.694	4.2	
2453343.3229	3.9	
2453343.5521	4.6	
2453343.60	3.6	
2453343.6243	4.2	
2453343.667	3.7	
2453344.2979	3.5	
2453344.3625	3.6	
2453344.3639	3.7	
2453344.5153	3.8	
2453344.677	3.9	
2453345.2049	3.6	
2453345.2472	3.9	
2453345.3965	3.9	
2453345.4625	3.9	
2453345.5215	4.0	
2453345.5757	4.8	
2453346.2229	3.8	
2453346.5243	3.2	
2453346.5903	4.0	
2453347.2021	4.2	
2453347.3021	3.9	
2453348.2681	3.8	
2453348.3063	4.2	
2453348.3264	4.0	
2453348.5076	4.2	
2453349.1993	3.5	
2453349.62	3.5	
2453349.6292	3.6	
2453350.3979	3.6	
2453350.4451	3.6	
2453350.62	3.6	
2453351.1896	4.0	
2453351.1972	3.7	
2453351.225	3.7	
2453351.234	3.7	
2453351.3465	3.8	
2453351.53	3.8	
2453351.6069	3.8	
2453351.6778	3.6	
2453352.3229	4.0	
2453352.4736	4.2	
2453352.5521	3.9	
2453352.8125	4.3	
2453353.3097	4.1	
2453353.328	4.1	
2453353.5313	3.8	
2453353.5354	4.0	
2453353.60	4.1	
2453353.6028	4.3	
2453353.7167	4.3	
2453354.2146	4.2	
2453354.4389	3.9	
2453354.63	3.6	
2453354.6527	3.9	
2453354.663	3.7	
2453355.1881	3.5	
2453355.2500	3.3	
2453355.3576	3.8	
2453355.5375	4.0	
2453355.5438	3.9	
2453355.62	3.6	
2453356.2535	4.1	
2453356.3028	3.9	
2453356.482	3.8	
2453357.3889	4.1	
2453357.4417	4.2	
2453357.61	4.0	
2453358.3903	4.3	
2453358.4340	4.3	
2453358.5299	3.7	
2453358.59	4.0	
2453359.1715	4.1	
2453359.3611	4.0	
2453359.3896	4.0	
2453359.5493	3.8	
2453360.2903	3.8	
2453360.317	3.4	
2453360.5347	3.9	
2453360.60	3.6	
2453361.2708	3.8	
2453361.2715	3.8	
2453361.4785	4.0	
2453361.60	3.7	
2453362.3111	3.9	
2453362.584	3.9	
2453362.65	4.0	
2453364.57	4.0	
2453364.6208	4.0	
2453365.229	3.6	
2453366.171	3.6	
2453366.3014	3.7	
2453366.3021	3.7	
2453366.5139	3.4	
2453366.6111	3.7	
2453366.6840	3.8	
2453367.4500	4.1	
2453367.5208	4.2	
2453367.584	3.8	
2453367.6180	4.1	
2453368.5681	4.0	
2453369.4472	3.9	
2453369.4479	4.0	
2453370.2889	4.0	
2453370.3243	3.9	
2453370.3646	3.9	
2453370.4549	4.1	
2453371.3063	3.8	
2453371.3931	3.8	
2453371.422	3.5	
2453372.4910	4.2	
2453372.6069	4.0	
2453373.2743	4.0	
2453374.3236	4.1	
2453374.3535	4.3	
2453374.5736	4.1	
2453375.2701	3.9	
2453375.375	4.0	
2453375.3764	4.0	
2453375.5813	3.8	
2453375.6180	3.9	
2453375.6250	4.1	
2453376.2771	3.9	
2453376.2792	5.	
2453376.2861	3.6	
2453376.5674	3.5	
2453377.2521	3.7	
2453379.2424	4.1	
2453379.2681	4.0	
2453379.5972	4.2	
2453380.1875	4.0	
2453380.2181	4.1	
2453380.2548	3.8	
2453380.5701	4.1	
2453381.3910	3.6	
2453381.4764	4.0	
2453382.2986	3.6	
2453382.3229	3.8	
2453382.5750	3.9	
2453383.209	3.8	
2453383.2236	3.8	
2453383.2785	3.8	
2453383.5903	3.9	
2453383.62	3.9	
2453384.5729	3.9	
2453385.5847	4.1	
2453386.3472	4.0	
2453386.4625	4.2	
2453386.5778	3.8	
2453386.5819	3.8	
2453386.60	3.5	
2453387.2451	3.6	
2453387.2576	3.8	
2453387.3222	3.8	
2453387.609	3.4	
2453388.2715	3.7	
2453388.2812	3.8	
2453388.2826	3.8	
2453388.4882	4.2	
2453388.5028	4.0	
2453388.60	4.0	
2453389.4889	4.3	
2453389.6180	3.9	
2453390.59	4.1	
2453391.334	4.4	
2453391.3361	4.3	
2453392.3375	3.9	
2453392.4958	3.7	
2453392.4965	3.8	
2453392.5326	3.9	
2453392.5597	3.9	
2453392.61	3.6	
2453393.2812	3.6	
2453393.2819	3.7	
2453393.59	3.5	
2453394.60	3.8	
2453395.5326	3.9	
2453396.3368	4.1	
2453396.3382	4.2	
2453396.5917	3.9	
2453397.3104	3.7	
2453397.3111	3.7	
2453398.3021	3.5	
2453398.3028	3.6	
2453398.4604	4.1	
2453398.522	3.7	
2453398.5951	3.7	
2453399.2299	4.0	
2453399.2854	3.8	
2453399.3229	3.9	
2453399.6340	4.3	
2453400.2958	4.2	
2453400.3556	3.7	
2453400.3563	3.8	
2453401.3049	4.3	
2453401.3056	4.4	
2453401.4944	4.2	
2453401.5861	4.0	
2453401.59	3.9	
2453402.2556	4.1	
2453402.3312	3.9	
2453402.3319	4.0	
2453402.5104	4.2	
2453402.6486	3.7	
2453403.0833	3.8	
2453403.2611	3.8	
2453403.4625	4.0	
2453403.5368	3.9	
2453403.60	3.6	
2453403.7910	3.9	
2453404.3028	3.9	
2453404.3167	3.8	
2453404.4590	4.1	
2453404.60	3.6	
2453405.3576	4.1	
2453405.64	3.7	
2453406.2618	4.2	
2453406.4965	4.0	
2453406.6	4.0	
2453407.2056	4.4	
2453407.4882	4.3	
2453407.5819	4.0	
2453407.60	3.8	
2453408.2465	4.0	
2453408.3181	3.8	
2453408.3611	3.8	
2453410.2604	4.0	
2453410.2931	3.7	
2453410.3514	4.0	
2453410.5882	3.7	
2453411.2410	3.9	
2453411.3083	4.0	
2453411.6007	4.0	
2453411.61	3.9	
2453412.2813	4.1	
2453413.2951	3.9	
2453413.3139	3.7	
2453413.3236	3.7	
2453413.6764	3.8	
2453414.4882	4.0	
2453414.5993	3.9	
2453415.4896	4.2	
2453415.5479	3.5	
2453415.6049	3.8	
2453416.5750	4.1	
2453417.5917	4.3	
2453417.5951	3.9	
2453418.3681	4.0	
2453419.5833	4.0	
2453419.6042	3.5	
2453423.2347	4.3	
2453423.3333	4.0	
2453424.3125	3.6	
2453426.625	3.8	
2453427.3160	4.1	
2453427.5889	3.8	
2453428.2736	4.0	
2453428.3854	3.9	
2453428.4791	4.0	
2453428.6118	4.1	
2453429.2736	3.6	
2453429.3368	4.0	
2453429.5604	3.9	
2453429.6083	3.7	
2453430.3188	3.6	
2453430.6118	3.9	
2453432.245	4.0	
2453432.3542	3.9	
2453432.927	4.2	
2453434.6264	4.0	
2453435.6	3.5	
2453435.958	3.9	
2453436.5819	3.7	
2453436.6174	3.8	
2453437.924	4.1	
2453438.3382	4.0	
2453438.919	4.2	
2453439.2847	4.0	
2453439.3076	3.9	
2453439.3646	4.0	
2453439.6215	4.0	
2453439.9979	3.9	
2453440.323	3.3	
2453443.05	4.4	
2453443.3194	3.9	
2453443.948	4.2	
2453444.2847	4.2	
2453444.3194	4.0	
2453444.9	4.2	
2453444.905	4.2	
2453445.05	4.3	
2453445.5979	4.0	
2453446.5347	3.7	
2453447.04	4.2	
2453447.6201	4.4	
2453447.6354	3.8	
2453447.9937	3.8	
2453448.3333	3.9	
2453449.3229	4.1	
2453450.2903	3.9	
2453451.3014	3.6	
2453451.3243	3.4	
2453452.2806	3.9	
2453453.6583	3.9	
2453454.3264	4.3	
2453454.6521	4.0	
2453455.3299	4.0	
2453456.04	4.3	
2453456.3035	3.9	
2453456.5187	4.0	
2453456.6611	3.5	
2453457.02	4.1	
2453457.2889	3.6	
2453457.6583	3.9	
2453458.2826	3.6	
2453459.2951	3.9	
2453459.2986	3.8	
2453459.3368	3.8	
2453459.6625	4.1	
2453459.9	4.0	
2453460.02	4.3	
2453460.2896	3.9	
2453460.2944	4.1	
2453460.3542	4.0	
2453460.5486	4.4	
2453460.7188	4.0	
2453461.04	4.4	
2453461.2833	4.0	
2453461.3111	4.2	
2453461.3368	3.9	
2453461.6632	3.9	
2453461.6660	3.9	
2453462.3042	3.6	
2453462.9222	3.6	
2453463.2938	3.5	
2453463.3111	3.9	
2453463.6528	3.9	
2453464.359	3.8	
2453464.609	3.6	
2453464.6833	4.1	
2453465.0056	3.5	
2453465.2917	4.0	
2453465.3118	4.0	
2453465.3396	4.2	
2453465.4590	4.0	
2453465.604	3.9	
2453465.909	4.2	
2453466.612	4.1	
2453466.6646	4.0	
2453468.03	4.2	
2453468.916	4.0	
2453469.6666	4.4	
2453469.7597	3.9	
2453471.6646	4.0	
2453471.8813	4.2	
2453472.02	4.3	
2453472.3701	4.2	
2453472.8778	3.6	
2453472.9521	3.2	
2453474.334	4.1	
2453474.8688	4.0	
2453474.9861	3.9	
2453475.3194	4.2	
2453475.3715	4.1	
2453475.8569	4.1	
2453476.6333	4.6	
2453476.6826	4.0	
2453476.8625	4.1	
2453476.900	4.2	
2453477.02	4.5	
2453477.8708	3.9	
2453478.8569	3.6	
2453479.3958	3.9	
2453479.759	3.9	
2453479.8535	3.8	
2453479.915	4.1	
2453480.8583	4.0	
2453481.6986	4.0	
2453482.6986	4.0	
2453482.8625	4.1	
2453484.02	4.3	
2453484.716	4.0	
2453484.934	3.2	
2453484.9674	3.8	
2453485.3382	4.1	
2453485.7125	3.9	
2453486.5291	4.7	
2453486.7194	3.9	
2453486.8486	4.1	
2453486.9160	4.2	
2453487.3215	4.2	
2453487.3764	4.2	
2453489.493	3.3	
2453489.6187	3.7	
2453489.7208	3.8	
2453489.8389	3.9	
2453490.4292	3.7	
2453490.9799	4.0	
2453491.7104	4.0	
2453491.8312	4.0	
2453491.867	4.1	
2453492.7035	4.1	
2453492.8354	4.1	
2453493.00	4.6	
2453493.4590	3.5	
2453493.7104	4.0	
2453493.8389	3.8	
2453493.9701	3.8	
2453494.889	3.7	
2453494.9486	3.8	
2453495.6	4.0	
2453495.8326	3.9	
2453495.8431	3.9	
2453495.891	3.9	
2453496.5819	4.6	
2453497.3764	3.9	
2453497.751	4.2	
2453498.4014	4.1	
2453499.7	3.5	
2453499.9236	3.4	
2453500.3028	3.6	
2453500.95	4.2	
2453500.9708	4.0	
2453501.8028	4.0	
2453501.8278	4.0	
2453502.7417	4.1	
2453503.00	4.6	
2453503.3424	4.7	
2453503.4139	3.5	
2453503.4139	4.1	
2453503.491	4.1	
2453503.8215	4.1	
2453504.4076	3.9	
2453504.466	3.9	
2453504.7354	3.8	
2453504.8271	3.4	
2453505.502	3.6	
2453505.9188	3.4	
2453506.734	4.0	
2453507.3694	3.9	
2453507.8931	4.3	
2453507.9368	4.2	
2453508.681	4.2	
2453509.98	4.2	
2453510.3736	3.4	
2453510.8229	3.4	
2453511.00	4.1	
2453511.7792	4.0	
2453511.826	4.0	
2453511.8840	4.0	
2453512.4410	4.0	
2453512.7583	3.9	
2453512.9403	4.0	
2453513.4028	3.9	
2453514.4049	4.1	
2453514.667	4.1	
2453515.3736	4.2	
2453515.9451	3.6	
2453516.4035	3.6	
2453516.491	3.5	
2453516.5326	3.5	
2453516.667	4.0	
2453516.7	3.7	
2453517.3583	4.0	
2453517.4292	3.9	
2453517.4319	3.4	
2453517.4444	4.2	
2453517.4625	3.8	
2453517.4778	3.7	
2453517.4889	4.0	
2453517.6542	4.0	
2453517.7	3.9	
2453517.7431	3.9	
2453517.8604	3.8	
2453517.865	4.0	
2453517.9	4.2	
2453518.7049	3.9	
2453518.8215	4.4	
2453519.3764	4.2	
2453519.420	4.1	
2453519.4271	4.1	
2453519.690	4.2	
2453519.7479	4.1	
2453519.9590	4.2	
2453520.384	3.9	
2453520.396	4.2	
2453520.4535	3.9	
2453520.7514	3.9	
2453520.8278	3.8	
2453521.344	3.2	
2453521.4736	3.5	
2453521.678	3.8	
2453521.7549	3.8	
2453521.98	4.1	
2453523.5014	4.0	
2453523.9111	4.4	
2453523.941	3.8	
2453524.5285	4.	
2453524.5777	4.6	
2453524.7535	4.4	
2453525.3708	4.2	
2453525.4375	4.1	
2453525.4653	4.1	
2453525.500	3.8	
2453525.7	3.5	
2453525.7618	4.0	
2453526.685	4.0	
2453526.9	2.8	
2453526.9160	3.6	
2453527.3903	3.6	
2453527.4583	3.7	
2453527.4618	3.6	
2453527.4986	3.6	
2453527.643	4.0	
2453528.667	4.2	
2453528.7007	3.9	
2453528.8743	3.7	
2453529.5111	4.	
2453529.5799	3.7	
2453529.663	4.2	
2453529.8000	4.0	
2453529.8007	3.9	
2453529.9264	4.0	
2453529.98	4.1	
2453531.4243	4.2	
2453531.654	3.8	
2453532.690	3.9	
2453532.7396	3.3	
2453533.7188	4.0	
2453535.475	4.2	
2453535.8111	4.0	
2453535.93	4.3	
2453536.3903	4.1	
2453536.7639	3.9	
2453536.8507	3.8	
2453536.8667	3.5	
2453537.4396	3.6	
2453537.466	3.4	
2453537.675	3.8	
2453537.7465	3.7	
2453537.7556	3.7	
2453538.5083	3.8	
2453538.690	4.0	
2453538.7879	4.0	
2453538.84	4.4	
2453539.361	3.7	
2453539.699	4.2	
2453539.8236	4.0	
2453540.371	4.0	
2453540.5361	4.0	
2453540.631	4.2	
2453540.9292	4.0	
2453540.96	4.3	
2453541.3875	4.6	
2453541.486	4.0	
2453541.5451	4.2	
2453541.682	4.2	
2453541.6861	4.0	
2453541.9507	4.0	
2453542.3875	3.5	
2453542.4139	3.6	
2453542.5	3.6	
2453542.677	3.6	
2453543.679	3.7	
2453543.9368	3.8	
2453544.3917	4.4	
2453544.5819	4.1	
2453544.663	4.0	
2453544.9424	3.8	
2453544.98	4.1	
2453545.4174	4.0	
2453545.665	4.1	
2453545.7528	4.1	
2453546.681	4.3	
2453547.683	3.9	
2453547.98	4.0	
2453548.7292	4.0	
2453549.3868	3.6	
2453549.389	3.6	
2453549.4278	4.0	
2453549.4306	4.2	
2453549.4486	3.6	
2453549.6299	3.7	
2453549.7743	4.0	
2453549.9493	4.0	
2453550.3771	4.6	
2453550.3951	4.3	
2453551.5049	4.2	
2453551.677	4.3	
2453551.8042	4.4	
2453551.99	4.2	
2453552.3521	3.8	
2453552.81	4.2	
2453552.8757	3.8	
2453553.644	3.7	
2453553.7681	3.4	
2453554.5763	3.9	
2453554.6507	3.9	
2453554.671	3.9	
2453554.7632	3.9	
2453554.834	3.7	
2453555.3854	3.9	
2453555.4271	4.0	
2453555.4299	3.9	
2453555.4431	4.0	
2453555.6313	4.0	
2453555.688	4.1	
2453555.7993	3.9	
2453556.3625	4.1	
2453556.3951	4.0	
2453556.6139	4.1	
2453556.6854	4.4	
2453556.759	4.1	
2453557.4257	4.1	
2453557.5347	4.4	
2453557.683	4.3	
2453557.75	4.6	
2453557.775	4.1	
2453558.438	3.5	
2453558.675	3.6	
2453558.7257	3.4	
2453558.98	4.0	
2453559.3674	3.9	
2453559.4264	3.6	
2453559.4792	3.6	
2453559.4813	3.5	
2453559.642	3.9	
2453559.6424	3.8	
2453559.7639	3.8	
2453559.9236	3.8	
2453560.621	4.1	
2453560.8493	4.0	
2453561.4465	3.9	
2453561.4792	4.1	
2453561.625	4.2	
2453561.6278	3.7	
2453561.7465	3.7	
2453561.7639	4.0	
2453561.8340	4.2	
2453562.3757	4.6	
2453562.4326	4.2	
2453562.6375	4.0	
2453562.80	4.4	
2453562.8542	4.0	
2453563.4618	4.0	
2453563.5840	4.3	
2453563.5889	4.0	
2453563.6382	4.0	
2453563.9250	3.8	
2453564.3382	>3.6	
2453564.3951	3.6	
2453564.4583	3.6	
2453564.5104	3.7	
2453564.7667	3.8	
2453564.9292	3.8	
2453565.3639	3.6	
2453565.3826	3.7	
2453565.4417	3.3	
2453565.4750	3.8	
2453565.4757	3.9	
2453565.5701	3.8	
2453565.6576	4.0	
2453565.7569	3.9	
2453565.83	4.2	
2453565.9	3.8	
2453565.9375	4.0	
2453566.3861	3.8	
2453566.4583	3.9	
2453566.7514	3.9	
2453566.8389	4.0	
2453567.3528	>3.6	
2453567.3993	4.1	
2453567.4368	4.1	
2453567.5965	4.2	
2453567.9292	4.4	
2453568.6014	4.1	
2453568.8583	4.0	
2453569.4840	3.5	
2453569.5028	3.4	
2453569.5069	3.6	
2453569.677	3.6	
2453569.7333	3.9	
2453569.7354	3.7	
2453569.9160	3.8	
2453570.3798	3.6	
2453570.4104	3.9	
2453570.4347	3.7	
2453570.8958	3.8	
2453571.4174	3.7	
2453571.4181	3.7	
2453571.7333	4.0	
2453571.875	4.1	
2453571.9319	4.0	
2453572.6257	4.1	
2453572.9479	4.0	
2453573.3645	4.3	
2453573.5944	4.2	
2453573.6701	4.0	
2453573.7361	4.0	
2453573.75	4.3	
2453574.3875	4.0	
2453574.672	3.6	
2453574.9451	3.8	
2453575.4486	3.7	
2453575.5868	3.9	
2453575.6875	3.7	
2453575.694	3.8	
2453575.7382	3.8	
2453575.8528	4.0	
2453576.337	3.3	
2453576.3757	3.7	
2453576.3938	3.9	
2453576.5854	3.9	
2453576.629	4.1	
2453576.6819	4.0	
2453576.7847	3.9	
2453577.5743	4.0	
2453577.6097	4.0	
2453577.679	4.1	
2453577.7486	4.0	
2453578.6188	4.1	
2453578.8840	4.2	
2453579.3986	3.9	
2453579.671	4.1	
2453579.7313	3.8	
2453580.3763	3.6	
2453580.4424	3.5	
2453580.5757	3.5	
2453580.5785	3.8	
2453580.633	3.7	
2453580.6924	3.8	
2453580.8208	>3.6	
2453580.8917	>3.6	
2453581.3451	3.9	
2453581.3576	3.7	
2453581.6861	3.9	
2453581.7444	3.9	
2453581.758	3.8	
2453581.9222	4.0	
2453582.371	3.3	
2453582.683	4.0	
2453582.7361	4.0	
2453582.9132	4.2	
2453582.9674	4.1	
2453583.340	3.6	
2453583.3500	3.6	
2453583.4958	4.0	
2453583.4965	4.0	
2453583.7292	4.1	
2453583.9188	4.0	
2453584.342	3.7	
2453584.3667	3.9	
2453584.3784	4.1	
2453584.4104	4.0	
2453584.4125	3.9	
2453584.649	4.3	
2453584.66	3.7	
2453584.7167	4.0	
2453584.7570	4.1	
2453584.7708	4.0	
2453584.7917	3.6	
2453585.3527	3.5	
2453585.4153	3.6	
2453585.4431	3.4	
2453585.4639	3.5	
2453585.505	4.0	
2453585.5729	3.5	
2453585.680	3.7	
2453585.7132	3.7	
2453585.7729	3.8	
2453585.8021	3.5	
2453585.8021	3.7	
2453585.84	3.2	
2453586.3506	3.6	
2453586.4104	3.8	
2453586.5153	3.5	
2453586.6027	3.9	
2453586.6542	3.8	
2453586.675	3.9	
2453586.7243	3.9	
2453586.8021	3.8	
2453586.8069	>3.6	
2453587.3395	3.8	
2453587.521	3.9	
2453587.6111	3.8	
2453587.6132	3.9	
2453587.71	4.4	
2453587.7229	4.0	
2453587.7917	3.8	
2453588.3444	3.7	
2453588.3736	4.1	
2453588.375	3.7	
2453588.6576	3.8	
2453588.677	4.2	
2453588.7299	4.0	
2453588.7479	4.3	
2453588.7563	3.6	
2453589.3299	>3.6	
2453589.3597	3.7	
2453589.3799	3.6	
2453589.3889	4.0	
2453589.4243	3.8	
2453589.5806	4.0	
2453589.610	4.2	
2453589.6840	4.0	
2453589.7917	3.9	
2453590.3833	3.8	
2453590.5722	3.6	
2453590.5819	3.7	
2453590.667	3.6	
2453590.6771	3.8	
2453590.7201	3.6	
2453590.7708	3.8	
2453591.3778	4.0	
2453591.431	3.5	
2453591.677	3.6	
2453591.7167	3.7	
2453591.7514	3.9	
2453592.3014	3.8	
2453592.451	4.0	
2453592.4847	4.0	
2453592.5715	3.8	
2453592.667	3.9	
2453592.72	4.3	
2453593.2646	2.7	
2453593.5653	4.0	
2453593.7194	3.9	
2453593.8243	3.8	
2453594.3069	3.8	
2453594.5451	3.8	
2453594.6326	4.0	
2453594.7312	4.1	
2453595.4104	4.2	
2453595.4500	4.0	
2453595.4896	4.0	
2453595.500	4.4	
2453595.7278	3.8	
2453595.7285	3.4	
2453595.7570	4.0	
2453596.3403	>3.6	
2453596.359	3.3	
2453596.3854	3.7	
2453597.3174	3.8	
2453597.345	3.6	
2453597.7444	4.0	
2453598.2924	3.8	
2453598.3181	3.8	
2453598.94	3.8	
2453599.2896	3.7	
2453599.3882	6.9	
2453599.4	4.0	
2453599.4000	4.1	
2453599.4229	4.0	
2453599.6382	4.0	
2453599.678	4.2	
2453600.3131	4.3	
2453600.3493	4.2	
2453600.3500	4.3	
2453600.3549	3.8	
2453600.4132	3.8	
2453600.5549	4.1	
2453600.6021	4.2	
2453600.67	4.4	
2453600.7722	4.1	
2453601.2986	3.7	
2453601.3159	3.6	
2453601.3993	3.4	
2453601.4042	3.7	
2453601.5680	4.1	
2453601.6625	3.5	
2453601.679	3.7	
2453602.2882	3.8	
2453602.3118	3.6	
2453602.3889	3.6	
2453602.7465	3.9	
2453603.2694	3.8	
2453603.2986	3.8	
2453603.3402	4.0	
2453604.2993	3.9	
2453604.5403	4.0	
2453604.6826	3.8	
2453604.684	4.2	
2453604.7139	4.1	
2453604.7917	4.2	
2453605.2715	3.9	
2453605.3701	4.1	
2453605.5465	4.1	
2453605.5944	3.8	
2453605.642	4.3	
2453605.71	4.4	
2453606.275	3.8	
2453606.2917	3.9	
2453606.3750	3.7	
2453606.5653	3.8	
2453606.6000	3.8	
2453606.679	4.0	
2453606.7597	3.8	
2453606.802	3.6	
2453607.2819	3.5	
2453607.3125	3.7	
2453607.3299	3.7	
2453607.3854	3.7	
2453607.3944	3.9	
2453607.4229	3.6	
2453607.425	3.6	
2453607.5694	3.4	
2453607.673	3.7	
2453607.7639	3.9	
2453608.25	3.9	
2453608.2764	3.7	
2453608.4236	3.7	
2453608.5416	3.4	
2453608.5840	3.8	
2453608.6	3.9	
2453608.7292	3.9	
2453609.2674	4.0	
2453609.3153	3.8	
2453609.5493	4.0	
2453609.6812	3.8	
2453609.7778	4.0	
2453609.7917	3.9	
2453609.8826	4.0	
2453610.2917	4.0	
2453610.3729	3.6	
2453610.4195	4.0	
2453610.617	4.2	
2453610.6896	3.8	
2453610.69	4.3	
2453610.7035	4.0	
2453611.2917	4.0	
2453611.6701	3.8	
2453611.6847	3.7	
2453611.7097	3.9	
2453611.7917	3.9	
2453612.1938	3.4	
2453612.3006	3.3	
2453612.3125	3.6	
2453612.3479	3.3	
2453612.3840	3.4	
2453612.3958	3.4	
2453612.4083	3.5	
2453612.4243	3.8	
2453612.675	3.6	
2453612.69	4.0	
2453612.7917	3.6	
2453613.3256	3.6	
2453613.3326	3.5	
2453613.3389	3.7	
2453613.3493	3.8	
2453613.3819	3.8	
2453613.4535	3.7	
2453613.4583	3.5	
2453613.7368	3.9	
2453613.8701	4.4	
2453614.2909	4.0	
2453614.3104	3.9	
2453614.3132	3.9	
2453614.3299	3.6	
2453614.3479	4.0	
2453614.3597	3.7	
2453614.3715	3.8	
2453614.3924	3.5	
2453614.4479	4.0	
2453614.5597	4.0	
2453614.669	4.2	
2453614.6764	3.7	
2453615.2569	4.0	
2453615.2812	4.1	
2453615.3521	3.9	
2453615.4090	4.2	
2453615.4257	4.0	
2453615.4354	4.1	
2453615.4375	4.1	
2453615.4417	3.9	
2453615.6160	4.0	
2453615.6472	4.1	
2453615.653	4.3	
2453615.73	4.2	
2453616.2431	4.3	
2453616.3479	4.1	
2453616.4271	4.1	
2453616.4438	4.1	
2453616.4653	4.4	
2453616.5382	4.1	
2453616.5431	4.2	
2453616.5736	4.4	
2453616.577	4.2	
2453616.6	4.3	
2453616.7479	4.2	
2453617.2764	3.7	
2453617.2882	3.7	
2453617.3056	3.6	
2453617.3438	3.8	
2453617.4236	3.5	
2453617.425	3.4	
2453617.5299	3.5	
2453617.565	3.7	
2453617.5938	3.5	
2453617.7153	3.8	
2453617.7875	3.9	
2453617.788	3.6	
2453618.3160	3.9	
2453618.3583	3.6	
2453618.3611	3.9	
2453618.3840	3.7	
2453618.4729	3.6	
2453618.5271	3.8	
2453618.5326	3.6	
2453618.5375	3.9	
2453618.563	3.9	
2453618.6	3.8	
2453618.6007	4.0	
2453618.8167	3.8	
2453619.2972	3.9	
2453619.3076	3.9	
2453619.3688	3.7	
2453619.3958	3.9	
2453619.4111	3.8	
2453619.4271	4.0	
2453619.5500	3.9	
2453619.6	4.1	
2453619.609	4.0	
2453619.6681	3.9	
2453619.694	4.0	
2453619.7188	4.0	
2453620.2847	4.0	
2453620.2854	3.7	
2453620.304	4.0	
2453620.3368	4.0	
2453620.3604	4.2	
2453620.4035	4.0	
2453620.4076	3.7	
2453620.4160	3.9	
2453620.4368	4.1	
2453620.5292	4.0	
2453620.65	4.3	
2453620.6708	4.1	
2453620.671	4.1	
2453620.7465	4.3	
2453620.8493	4.1	
2453621.2438	3.7	
2453621.3639	3.5	
2453621.3646	4.3	
2453621.3764	4.3	
2453621.3778	4.2	
2453621.4104	4.1	
2453621.5361	4.1	
2453621.6	4.4	
2453621.6819	4.0	
2453621.7500	4.3	
2453622.25	3.9	
2453622.2854	4.0	
2453622.3	3.8	
2453622.3097	4.2	
2453622.33	3.8	
2453622.3569	4.1	
2453622.4111	4.0	
2453622.4306	4.1	
2453622.6000	3.9	
2453622.7570	4.0	
2453623.3042	3.5	
2453623.3229	3.6	
2453623.3313	3.3	
2453623.3965	3.6	
2453623.4688	3.6	
2453623.5236	3.4	
2453623.5444	4.0	
2453623.5479	3.5	
2453623.5938	3.6	
2453623.613	3.7	
2453624.3410	3.7	
2453624.3646	4.0	
2453624.4236	3.8	
2453624.5292	3.7	
2453624.621	3.7	
2453624.83	3.8	
2453625.3472	4.0	
2453625.375	4.0	
2453625.4542	3.8	
2453625.4562	3.9	
2453625.5313	4.0	
2453625.61	4.3	
2453625.683	4.0	
2453625.6938	3.9	
2453625.84	4.0	
2453626.3063	3.9	
2453626.3292	3.8	
2453626.3542	4.0	
2453626.3542	4.0	
2453626.3708	4.1	
2453626.4069	4.4	
2453626.4292	4.1	
2453626.4299	4.2	
2453626.5472	4.1	
2453626.681	4.3	
2453626.85	4.3	
2453627.2778	4.2	
2453627.3285	3.7	
2453627.3326	4.3	
2453627.3333	4.1	
2453627.4	4.2	
2453627.4007	4.2	
2453627.5250	4.2	
2453627.681	4.2	
2453627.7	4.2	
2453627.88	4.1	
2453627.9819	3.8	
2453628.3319	3.4	
2453628.3368	3.6	
2453628.3542	3.5	
2453628.3833	3.5	
2453628.384	3.5	
2453628.68	4.0	
2453628.709	3.5	
2453628.97	3.9	
2453629.3264	3.5	
2453629.3813	3.7	
2453629.4306	3.7	
2453629.4313	3.7	
2453629.87	3.7	
2453630.3111	3.7	
2453630.3542	4.0	
2453630.4819	3.7	
2453630.4826	3.7	
2453630.6007	3.8	
2453630.6701	4.1	
2453630.83	4.0	
2453631.3931	3.8	
2453631.3944	3.8	
2453631.4062	4.1	
2453631.4889	4.1	
2453631.548	4.2	
2453631.6562	4.0	
2453631.86	4.3	
2453632.3424	4.2	
2453632.3576	4.4	
2453632.3820	4.1	
2453632.3965	4.1	
2453632.4507	4.3	
2453632.4514	4.1	
2453632.4528	4.3	
2453632.5174	4.2	
2453632.5806	4.0	
2453632.6465	4.0	
2453632.67	4.4	
2453633.2125	3.8	
2453633.3194	3.9	
2453633.3542	3.9	
2453633.3715	3.7	
2453633.4063	4.0	
2453633.4097	3.6	
2453633.4104	3.7	
2453633.5125	4.0	
2453633.5833	3.8	
2453633.7194	3.6	
2453633.83	4.0	
2453634.2465	3.7	
2453634.3611	3.8	
2453634.375	3.6	
2453634.4132	3.5	
2453634.416	3.5	
2453634.5333	3.8	
2453634.538	3.7	
2453634.67	4.0	
2453634.7201	3.9	
2453635.2847	3.8	
2453635.3299	3.7	
2453635.3431	4.2	
2453635.3563	4.0	
2453635.5049	3.9	
2453635.6194	4.0	
2453635.6354	4.1	
2453635.683	4.0	
2453635.7	4.0	
2453635.81	3.8	
2453636.2361	4.0	
2453636.2799	3.9	
2453636.3007	3.3	
2453636.3188	3.8	
2453636.3542	4.1	
2453636.3715	3.7	
2453636.3736	3.7	
2453636.5069	4.0	
2453636.6	3.9	
2453636.6792	4.0	
2453636.83	4.1	
2453637.2590	4.0	
2453637.2778	3.8	
2453637.3271	4.0	
2453637.4201	4.1	
2453637.4993	4.1	
2453637.6299	4.0	
2453637.68	4.4	
2453637.8	4.0	
2453638.2549	3.8	
2453638.2708	4.0	
2453638.3000	4.0	
2453638.3507	3.8	
2453638.3861	4.0	
2453638.5007	3.9	
2453638.83	4.1	
2453639.3264	3.7	
2453639.4111	3.4	
2453639.4125	3.4	
2453639.4715	3.6	
2453639.625	3.8	
2453639.84	3.9	
2453640.2750	3.4	
2453640.3201	3.7	
2453640.3917	3.6	
2453640.3993	3.9	
2453640.4778	3.9	
2453640.681	3.8	
2453640.7639	4.0	
2453640.81	3.7	
2453641.2486	3.7	
2453641.2618	3.9	
2453641.3042	3.8	
2453641.3222	3.8	
2453641.3472	3.9	
2453641.3924	3.7	
2453641.3931	3.7	
2453641.4347	3.9	
2453641.528	4.2	
2453641.5444	3.9	
2453641.5534	3.9	
2453641.70	4.0	
2453641.7451	3.9	
2453641.77	4.0	
2453642.3944	4.3	
2453642.3965	4.2	
2453642.5090	4.0	
2453642.5778	4.4	
2453642.82	4.3	
2453643.2674	4.0	
2453643.3486	4.4	
2453643.4431	3.9	
2453643.4451	4.1	
2453643.5542	4.0	
2453643.5972	4.1	
2453643.63	4.3	
2453643.681	4.1	
2453643.7681	4.3	
2453643.8	4.4	
2453644.4257	3.4	
2453644.4278	3.5	
2453644.5931	3.7	
2453644.6083	3.8	
2453644.6271	3.5	
2453644.646	3.6	
2453644.78	4.1	
2453644.7951	3.5	
2453645.4236	3.7	
2453645.4271	3.7	
2453645.533	3.8	
2453645.5785	3.8	
2453645.6	3.8	
2453645.6042	3.8	
2453645.76	3.7	
2453646.3292	3.7	
2453646.3382	4.0	
2453646.4278	3.7	
2453646.4299	3.8	
2453646.5076	3.9	
2453646.6	4.1	
2453646.6285	4.0	
2453646.6514	3.8	
2453646.79	3.9	
2453647.3736	4.0	
2453647.3778	3.9	
2453647.4139	4.1	
2453647.4868	4.0	
2453647.5	4.2	
2453647.5660	3.7	
2453647.7486	4.3	
2453647.78	4.2	
2453647.7917	3.9	
2453648.2514	3.8	
2453648.2667	4.0	
2453648.3333	4.0	
2453648.3771	4.5	
2453648.3799	4.5	
2453648.4854	4.0	
2453648.5	4.3	
2453648.583	4.2	
2453648.6097	4.0	
2453648.76	4.4	
2453649.2563	3.9	
2453649.2965	3.4	
2453649.3222	4.0	
2453649.3403	3.8	
2453649.3514	4.0	
2453649.3653	3.6	
2453649.3667	3.7	
2453649.3681	3.8	
2453649.4944	3.6	
2453649.539	4.0	
2453649.5486	3.8	
2453649.5882	3.8	
2453649.6	4.1	
2453649.6264	3.7	
2453649.7153	3.4	
2453649.75	4.1	
2453649.7917	3.6	
2453650.2569	3.7	
2453650.3125	3.5	
2453650.3229	3.7	
2453650.3736	3.6	
2453650.3958	3.8	
2453650.5007	3.7	
2453650.5021	3.6	
2453650.5750	3.6	
2453650.6	3.7	
2453650.6181	3.5	
2453650.72	3.8	
2453651.2604	3.9	
2453651.2667	3.8	
2453651.3431	3.8	
2453651.4188	3.9	
2453651.4278	3.6	
2453651.4292	3.5	
2453651.475	4.0	
2453651.5535	3.8	
2453651.74	3.9	
2453651.7917	4.2	
2453651.9	3.9	
2453652.2806	3.8	
2453652.2847	3.2	
2453652.3333	3.8	
2453652.3542	4.0	
2453652.3604	3.7	
2453652.4549	3.8	
2453652.4562	3.8	
2453652.4597	3.9	
2453652.4618	4.0	
2453652.7917	4.2	
2453652.80	4.1	
2453653.2847	4.1	
2453653.2965	3.8	
2453653.3188	4.2	
2453653.4396	4.1	
2453653.4625	4.2	
2453653.6028	4.0	
2453653.6174	4.0	
2453653.79	4.3	
2453654.2799	3.8	
2453654.3160	4.1	
2453654.3618	3.8	
2453654.4347	4.1	
2453654.4583	4.1	
2453654.77	4.0	
2453654.7917	3.8	
2453655.2882	3.4	
2453655.3333	3.5	
2453655.4729	3.5	
2453655.6069	3.6	
2453655.73	3.8	
2453655.7917	3.7	
2453656.2431	3.6	
2453656.2590	3.5	
2453656.3451	3.8	
2453656.3903	4.0	
2453656.4993	3.7	
2453656.6611	3.8	
2453656.6868	4.0	
2453656.78	3.6	
2453656.7917	3.7	
2453657.3125	3.8	
2453657.3299	3.9	
2453657.3542	4.0	
2453657.5868	4.0	
2453657.5972	4.0	
2453657.62	3.8	
2453657.7917	3.9	
2453658.2771	3.8	
2453658.3438	4.1	
2453658.63	4.2	
2453658.80	4.1	
2453659.4813	4.1	
2453659.5035	4.2	
2453659.7917	4.2	
2453659.81	4.3	
2453660.2882	4.0	
2453660.3021	3.8	
2453660.3229	3.9	
2453660.4993	3.9	
2453660.78	4.1	
2453661.2604	3.8	
2453661.3958	3.8	
2453661.5285	3.9	
2453661.75	3.7	
2453662.2569	3.9	
2453662.535	4.0	
2453662.5500	4.0	
2453662.7	4.0	
2453662.73	4.3	
2453662.79	3.9	
2453663.1875	4.0	
2453663.3042	4.1	
2453663.6	4.1	
2453663.671	4.1	
2453663.78	4.1	
2453664.2743	4.4	
2453664.5549	4.3	
2453664.5816	4.2	
2453664.5938	4.2	
2453664.6	4.3	
2453664.78	4.2	
2453665.2688	3.8	
2453665.4715	3.9	
2453665.4840	3.8	
2453665.5	3.7	
2453665.5444	3.8	
2453665.5944	3.9	
2453665.77	4.0	
2453666.2569	3.7	
2453666.4049	3.6	
2453666.4056	3.6	
2453666.4299	3.7	
2453666.5882	3.8	
2453666.68	3.6	
2453666.74	3.7	
2453667.2743	3.8	
2453667.3132	3.7	
2453667.4486	3.7	
2453667.4507	3.8	
2453667.529	3.9	
2453667.73	3.8	
2453668.2917	4.0	
2453668.2986	3.9	
2453668.678	4.0	
2453668.70	4.0	
2453669.4132	4.0	
2453669.4153	3.9	
2453669.529	4.2	
2453669.5944	4.2	
2453669.7570	4.3	
2453669.775	4.0	
2453670.3493	3.9	
2453670.4167	4.0	
2453670.4188	4.0	
2453670.4806	4.0	
2453671.2396	3.3	
2453671.2521	3.6	
2453671.2799	3.4	
2453671.2958	3.2	
2453671.4125	3.7	
2453671.514	3.6	
2453671.7097	3.5	
2453671.7556	3.5	
2453672.2819	3.6	
2453672.2951	3.9	
2453672.3611	3.6	
2453672.4306	3.8	
2453672.515	3.8	
2453672.5382	3.7	
2453672.6368	3.8	
2453672.66	4.0	
2453673.2535	3.9	
2453673.2813	3.8	
2453673.2847	4.0	
2453673.2861	4.3	
2453673.2889	3.7	
2453673.2903	3.9	
2453673.2917	3.7	
2453673.2938	3.6	
2453673.2965	3.5	
2453673.4271	3.8	
2453673.5590	3.9	
2453673.5646	3.9	
2453673.5743	4.0	
2453673.5931	4.0	
2453673.5958	4.0	
2453673.638	4.0	
2453674.2229	4.0	
2453674.231	4.1	
2453674.2583	4.0	
2453674.2854	4.0	
2453674.3090	3.5	
2453674.4653	4.0	
2453674.4653	4.0	
2453674.4674	4.1	
2453674.60	4.1	
2453674.6076	4.0	
2453674.6236	4.4	
2453674.6562	4.0	
2453674.6604	4.3	
2453674.6729	4.1	
2453675.2618	4.0	
2453675.2847	4.1	
2453675.3556	3.9	
2453675.4813	4.1	
2453675.6687	4.1	
2453675.77	4.4	
2453675.7875	4.2	
2453675.8333	4.2	
2453676.2410	3.8	
2453676.2465	4.0	
2453676.3285	3.7	
2453676.3319	4.0	
2453676.4299	3.7	
2453676.5660	3.8	
2453676.677	3.5	
2453676.79	4.1	
2453677.1764	4.2	
2453677.2500	3.6	
2453677.3181	3.7	
2453677.4604	3.8	
2453677.4972	3.8	
2453677.528	3.7	
2453677.609	3.5	
2453677.65	4.0	
2453677.75	3.6	
2453677.8111	3.9	
2453678.2500	4.0	
2453678.4167	<4.1	
2453678.4229	4.0	
2453678.4458	3.9	
2453678.57	4.1	
2453678.5979	3.8	
2453678.75	3.7	
2453678.7951	4.0	
2453679.4306	4.1	
2453679.5438	4.0	
2453679.80	4.0	
2453679.8333	4.2	
2453680.4375	4.3	
2453680.4590	4.2	
2453680.5639	3.8	
2453680.594	4.1	
2453680.6181	4.3	
2453680.73	4.4	
2453681.2139	4.1	
2453681.3382	4.0	
2453681.3799	3.6	
2453681.5618	4.0	
2453681.677	3.9	
2453681.74	4.2	
2453682.2764	3.4	
2453682.4271	3.8	
2453682.4444	3.7	
2453682.4549	3.8	
2453682.5236	3.6	
2453682.5590	4.0	
2453682.577	3.6	
2453682.75	3.8	
2453683.3215	3.7	
2453683.3451	4.0	
2453683.3646	3.9	
2453683.5465	3.4	
2453683.554	3.8	
2453683.6014	3.7	
2453683.6146	3.8	
2453683.8	3.7	
2453684.4764	3.9	
2453684.4778	3.8	
2453684.595	4.2	
2453684.663	4.0	
2453685.3125	4.0	
2453685.4757	3.7	
2453685.4764	3.7	
2453685.535	4.2	
2453685.5375	4.1	
2453685.5604	4.0	
2453685.5729	4.2	
2453685.615	4.3	
2453685.6438	4.0	
2453686.4826	4.1	
2453686.550	4.2	
2453686.5792	4.0	
2453686.76	4.3	
2453687.206	3.7	
2453687.4674	3.6	
2453687.5458	3.8	
2453687.56	3.8	
2453687.5833	3.7	
2453687.77	4.0	
2453687.7917	3.5	
2453688.2389	3.9	
2453688.526	3.9	
2453688.6444	3.9	
2453688.75	3.6	
2453689.3326	4.0	
2453689.5035	4.0	
2453689.560	4.1	
2453689.78	3.8	
2453689.8333	3.7	
2453690.69	4.0	
2453690.8333	4.2	
2453691.2861	3.8	
2453691.2889	3.7	
2453691.5236	3.8	
2453691.6250	3.9	
2453691.71	4.3	
2453691.7222	4.1	
2453692.3896	3.8	
2453692.540	3.8	
2453692.5528	3.7	
2453692.5785	4.0	
2453692.72	4.0	
2453692.8333	3.6	
2453693.3396	3.9	
2453693.4694	3.9	
2453693.5472	3.8	
2453693.567	3.7	
2453693.5833	3.7	
2453693.6263	3.4	
2453693.6361	3.7	
2453693.6583	3.8	
2453693.75	3.7	
2453694.4729	4.0	
2453694.490	3.9	
2453694.5653	3.9	
2453694.6458	3.9	
2453694.7083	3.9	
2453694.73	3.7	
2453695.2410	3.8	
2453695.4375	4.1	
2453695.480	4.1	
2453695.5396	4.0	
2453695.57	4.1	
2453695.6424	3.9	
2453695.70	3.9	
2453695.8333	4.0	
2453696.2313	3.4	
2453696.546	4.2	
2453696.5646	4.0	
2453696.7674	4.0	
2453696.80	4.1	
2453696.8333	4.2	
2453697.3486	4.1	
2453697.3653	3.9	
2453697.5347	4.0	
2453697.552	4.0	
2453697.5722	4.0	
2453697.6150	3.8	
2453697.73	4.3	
2453698.2701	3.5	
2453698.2715	3.5	
2453698.4563	3.5	
2453698.5639	3.4	
2453698.6458	3.6	
2453698.72	4.4	
2453699.3924	3.9	
2453699.506	3.9	
2453699.5764	3.7	
2453699.5868	4.0	
2453699.6243	3.8	
2453699.76	4.2	
2453700.3333	4.0	
2453700.3826	4.1	
2453700.4375	4.3	
2453700.4924	4.0	
2453700.4944	3.7	
2453700.4979	3.6	
2453700.5458	3.7	
2453700.57	4.1	
2453700.8333	3.9	
2453701.4125	4.0	
2453701.4132	4.0	
2453701.6979	4.2	
2453702.3646	3.9	
2453702.5229	4.3	
2453703.178	3.8	
2453703.3569	3.6	
2453703.535	3.6	
2453703.6076	3.5	
2453704.190	3.6	
2453704.4715	3.6	
2453704.4729	3.5	
2453704.56	3.9	
2453704.6607	3.9	
2453705.201	3.9	
2453705.3201	3.9	
2453708.4902	3.7	
2453708.5146	4.0	
2453708.6979	3.8	
2453708.7813	3.6	
2453709.2736	3.9	
2453709.3569	3.7	
2453709.5965	4.1	
2453709.5993	3.9	
2453709.8333	3.6	
2453710.3264	4.2	
2453710.487	4.0	
2453710.5299	3.8	
2453710.625	3.9	
2453710.6250	3.3	
2453711.5035	4.3	
2453711.5674	4.0	
2453711.6250	4.2	
2453711.6715	4.5	
2453712.4701	4.1	
2453712.514	4.2	
2453713.4590	4.2	
2453714.5215	3.4	
2453714.5243	3.5	
2453714.5285	3.8	
2453714.8333	3.6	
2453715.2819	4.0	
2453715.3611	3.6	
2453715.3618	3.6	
2453715.5292	3.8	
2453715.5556	3.9	
2453715.8333	3.8	
2453716.2667	4.0	
2453716.5104	4.0	
2453717.267	4.2	
2453717.3986	3.8	
2453717.4167	3.9	
2453717.4188	3.9	
2453717.529	4.1	
2453718.2965	4.	
2453718.2965	4.0	
2453718.4215	4.4	
2453718.4604	4.2	
2453718.5451	4.2	
2453718.5479	4.3	
2453718.6667	4.3	
2453719.5451	3.7	
2453719.5757	3.7	
2453720.179	3.8	
2453720.4306	3.6	
2453720.4313	3.6	
2453720.5799	3.9	
2453721.5979	4.0	
2453721.688	3.7	
2453722.3246	3.9	
2453722.3319	4.3	
2453722.5035	4.2	
2453722.5694	4.1	
2453723.165	4.3	
2453723.5681	4.3	
2453723.5951	4.0	
2453723.679	4.1	
2453724.2889	4.2	
2453724.4403	4.2	
2453724.4639	4.0	
2453724.5687	4.0	
2453725.521	3.7	
2453726.4403	3.7	
2453726.4431	3.7	
2453726.5208	3.8	
2453726.528	3.8	
2453726.6257	4.1	
2453727.2486	4.0	
2453727.3104	3.5	
2453727.3708	3.8	
2453727.3743	3.9	
2453727.5042	4.1	
2453727.5215	4.0	
2453727.528	4.1	
2453728.3472	4.1	
2453728.3479	4.0	
2453728.4965	4.2	
2453728.5507	4.0	
2453729.3333	4.5	
2453729.5340	4.1	
2453730.5215	3.8	
2453730.582	3.7	
2453731.2597	3.7	
2453731.2806	3.6	
2453731.5271	3.7	
2453731.5687	3.8	
2453732.4479	4.2	
2453732.481	4.2	
2453732.4833	3.9	
2453732.5194	4.2	
2453732.6437	4.0	
2453732.6528	4.3	
2453733.507	4.3	
2453734.2330	4.3	
2453734.4028	4.2	
2453734.5319	4.0	
2453734.5840	4.1	
2453735.2375	3.4	
2453735.5292	4.0	
2453735.5583	4.0	
2453736.2174	3.7	
2453736.2236	3.7	
2453737.5264	3.9	
2453738.2833	3.9	
2453738.2847	4.0	
2453738.3403	4.1	
2453738.5875	3.9	
2453739.4403	4.3	
2453739.4417	4.4	
2453739.5306	4.3	
2453739.5757	4.1	
2453740.2944	4.0	
2453740.2958	3.9	
2453740.3090	4.1	
2453740.5708	3.8	
2453741.5382	4.0	
2453741.5771	3.6	
2453742.2965	3.9	
2453742.5333	3.8	
2453742.6771	3.7	
2453743.2313	3.9	
2453743.2479	4.1	
2453743.2673	3.9	
2453743.2729	3.9	
2453743.2866	4.0	
2453743.5277	3.8	
2453743.5861	4.0	
2453744.1800	4.1	
2453744.2410	4.1	
2453744.5410	3.9	
2453744.5743	4.0	
2453745.1924	4.3	
2453745.4076	4.1	
2453745.4389	4.2	
2453745.4403	4.1	
2453746.198	3.6	
2453746.2086	3.8	
2453746.2965	3.5	
2453746.4569	3.5	
2453746.459	3.6	
2453747.2326	3.7	
2453747.6458	3.8	
2453748.510	3.9	
2453748.5521	4.0	
2453748.5763	4.1	
2453748.5903	3.9	
2453750.1771	4.1	
2453750.2493	4.3	
2453751.2340	4.1	
2453751.2611	3.9	
2453751.5347	4.0	
2453751.6736	3.6	
2453752.2681	3.5	
2453752.4792	4.1	
2453752.4895	3.4	
2453752.5361	3.8	
2453752.5833	3.8	
2453753.2236	3.7	
2453753.5431	4.0	
2453753.5771	3.9	
2453754.2701	4.0	
2453754.2708	4.1	
2453754.5118	4.3	
2453754.6667	3.8	
2453755.2616	4.0	
2453755.3002	4.0	
2453755.4674	4.4	
2453755.5410	4.0	
2453755.6083	4.0	
2453755.6458	4.2	
2453756.2951	4.0	
2453756.3153	4.3	
2453756.5313	4.0	
2453756.5736	4.0	
2453756.6458	3.8	
2453757.506	3.6	
2453757.5583	3.9	
2453757.6458	3.8	
2453757.7437	3.7	
2453758.1970	3.9	
2453758.6458	4.0	
2453759.2011	4.0	
2453759.2944	3.9	
2453759.3118	3.9	
2453759.3208	4.2	
2453759.4306	3.9	
2453759.5368	4.0	
2453759.7486	4.1	
2453760.2397	4.1	
2453760.2521	4.0	
2453760.2643	4.0	
2453760.2944	4.0	
2453760.3167	4.1	
2453760.5514	4.0	
2453760.6458	4.2	
2453761.2403	4.2	
2453761.3021	4.1	
2453761.550	4.1	
2453762.3070	3.7	
2453762.4847	3.9	
2453762.528	3.5	
2453762.5590	3.7	
2453762.5903	3.8	
2453762.6875	4.2	
2453763.2535	3.9	
2453763.2868	3.6	
2453763.3833	3.4	
2453763.4799	4.0	
2453763.542	3.7	
2453764.2917	3.9	
2453764.3215	4.0	
2453764.3222	4.1	
2453764.3507	3.9	
2453764.5444	4.0	
2453765.2097	3.9	
2453765.2375	4.1	
2453765.2743	3.9	
2453765.2813	4.1	
2453765.5854	4.0	
2453766.5465	4.4	
2453767.2951	3.9	
2453767.3160	<4.1	
2453767.550	3.7	
2453768.2222	3.7	
2453768.4520	3.8	
2453768.504	3.7	
2453769.5306	4.0	
2453769.5861	3.9	
2453770.2438	3.9	
2453770.5056	4.3	
2453771.2229	4.1	
2453771.2625	4.0	
2453771.3472	3.9	
2453772.2577	4.2	
2453772.278	3.6	
2453772.988	4.0	
2453773.542	3.6	
2453773.5688	3.4	
2453774.4806	4.0	
2453774.5458	3.8	
2453774.6	3.5	
2453775.528	4.1	
2453775.6423	4.4	
2453776.4806	4.2	
2453776.733	4.3	
2453777.5097	4.3	
2453777.5535	4.0	
2453778.3188	3.9	
2453778.5590	3.4	
2453779.5000	4.1	
2453779.5549	3.6	
2453780.981	4.1	
2453781.5035	4.0	
2453781.538	4.0	
2453783.5118	4.0	
2453784.5826	3.9	
2453784.5847	3.5	
2453784.6514	3.6	
2453785.3056	3.9	
2453785.385	3.7	
2453785.5028	4.0	
2453786.2771	4.0	
2453786.4986	4.2	
2453786.719	4.2	
2453787.3674	4.1	
2453787.4944	4.3	
2453788.4917	4.3	
2453789.2514	3.9	
2453789.3049	3.6	
2453789.4896	3.4	
2453789.528	3.6	
2453790.2400	3.8	
2453790.527	3.9	
2453791.3000	3.8	
2453791.4868	4.0	
2453791.6076	3.9	
2453791.6854	4.4	
2453792.2428	4.1	
2453792.2507	4.0	
2453792.399	4.3	
2453792.525	4.1	
2453794.2486	4.0	
2453794.2592	4.0	
2453794.2708	3.8	
2453794.4917	3.8	
2453795.3076	3.6	
2453795.4917	3.6	
2453796.3736	3.9	
2453797.2882	3.9	
2453797.6229	4.1	
2453797.9285	4.0	
2453798.2718	4.1	
2453798.703	4.2	
2453798.9146	4.1	
2453799.2681	4.0	
2453799.3201	4.1	
2453799.707	3.8	
2453799.9076	3.7	
2453799.9319	3.7	
2453800.2437	3.7	
2453800.5270	3.8	
2453801.322	4.0	
2453801.9049	3.9	
2453802.3076	3.7	
2453802.9021	4.0	
2453803.2625	4.1	
2453803.3368	3.9	
2453805.9160	3.6	
2453806.2708	3.8	
2453806.9049	3.8	
2453807.670	4.1	
2453808.665	4.2	
2453809.6472	4.1	
2453809.9097	4.1	
2453811.2522	4.0	
2453811.5916	4.0	
2453811.677	3.6	
2453811.9063	3.8	
2453811.9132	4.0	
2453812.368	4.1	
2453812.9000	4.0	
2453813.665	4.2	
2453813.925	4.2	
2453814.3014	3.9	
2453814.389	4.2	
2453815.625	4.0	
2453815.8965	4.0	
2453816.2801	3.8	
2453816.622	3.5	
2453817.3646	4.0	
2453817.665	3.8	
2453817.8938	4.0	
2453817.935	4.0	
2453818.2722	3.9	
2453818.2736	3.9	
2453818.2944	3.7	
2453818.5528	4.1	
2453818.6458	4.0	
2453820.917	4.2	
2453821.6403	3.5	
2453821.877	3.7	
2453822.5	3.5	
2453822.7667	3.9	
2453822.8868	3.9	
2453823.3458	3.8	
2453823.4410	4.1	
2453823.709	4.0	
2453824.5	3.9	
2453824.6514	4.1	
2453824.8861	4.1	
2453824.923	4.2	
2453825.3424	4.1	
2453825.6159	4.6	
2453825.7424	4.1	
2453826.3556	4.0	
2453826.6549	3.9	
2453827.3701	3.8	
2453827.4424	3.8	
2453827.6576	3.9	
2453828.3910	3.8	
2453828.5764	3.8	
2453828.6653	4.0	
2453828.6681	3.8	
2453828.8750	3.9	
2453829.3500	3.9	
2453829.917	4.2	
2453830.8729	4.1	
2453830.903	4.2	
2453831.3660	4.1	
2453832.5618	3.4	
2453833.3854	3.8	
2453833.5729	3.6	
2453833.6076	3.6	
2453833.6535	4.0	
2453833.969	4.0	
2453834.8792	3.5	
2453834.921	4.2	
2453835.8743	4.1	
2453835.925	4.2	
2453836.8757	4.1	
2453837.3507	3.9	
2453837.7035	4.0	
2453837.8806	4.0	
2453838.3549	3.5	
2453839.3597	4.0	
2453841.3110	4.0	
2453841.6951	4.1	
2453842.6993	4.0	
2453843.3500	3.5	
2453843.7007	3.9	
2453843.894	4.0	
2453844.3431	3.8	
2453844.7021	3.9	
2453845.3189	3.7	
2453845.5188	4.0	
2453845.7014	4.0	
2453845.8375	4.0	
2453846.5784	4.1	
2453846.8410	4.1	
2453847.3465	4.6	
2453847.848	4.1	
2453848.3357	3.6	
2453848.3402	3.6	
2453848.5486	3.4	
2453848.6986	3.9	
2453848.913	3.9	
2453849.3354	3.6	
2453849.3444	3.4	
2453849.5104	3.9	
2453849.7035	3.9	
2453850.5104	4.0	
2453850.7042	4.1	
2453850.8486	4.0	
2453851.3736	4.2	
2453851.4236	4.2	
2453851.5069	4.1	
2453851.525	4.1	
2453851.7139	4.1	
2453851.7389	4.2	
2453851.931	4.2	
2453852.3271	3.9	
2453852.4861	4.1	
2453852.8347	4.1	
2453852.885	4.2	
2453853.5715	4.0	
2453853.7125	3.7	
2453853.892	3.7	
2453854.4264	3.8	
2453854.8403	3.8	
2453855.8264	3.9	
2453856.4951	4.0	
2453858.4410	4.1	
2453858.8521	3.7	
2453858.8653	3.8	
2453859.3347	3.7	
2453859.4556	3.5	
2453859.7111	3.8	
2453860.3194	3.7	
2453860.5111	3.9	
2453860.5687	4.1	
2453860.6000	4.0	
2453862.8368	4.1	
2453863.8965	3.8	
2453863.906	4.1	
2453865.3518	3.7	
2453865.3549	3.7	
2453865.5194	3.9	
2453866.3687	3.9	
2453866.3982	3.6	
2453866.4285	4.1	
2453866.9097	4.0	
2453867.3500	3.9	
2453867.9694	4.0	
2453868.3743	<4.0	
2453869.9625	3.8	
2453870.4014	3.4	
2453870.4083	3.5	
2453870.4131	3.6	
2453870.4316	3.6	
2453870.5868	3.9	
2453871.3278	3.7	
2453871.7368	3.8	
2453872.4178	3.8	
2453872.9500	3.8	
2453873.3521	4.4	
2453873.9500	4.0	
2453874.9750	3.8	
2453875.4375	3.5	
2453875.846	3.8	
2453876.6139	3.9	
2453877.3824	3.9	
2453877.3929	3.8	
2453877.4104	4.1	
2453877.4292	4.0	
2453878.3787	4.0	
2453878.3854	4.0	
2453878.4021	3.9	
2453878.7646	4.1	
2453878.8674	4.0	
2453878.881	4.1	
2453879.4375	4.0	
2453879.8389	4.0	
2453879.850	4.1	
2453880.8125	3.7	
2453880.9583	3.6	
2453881.4104	3.5	
2453881.4604	3.9	
2453882.3607	3.8	
2453882.4194	3.5	
2453882.732	4.1	
2453882.8368	3.7	
2453882.9375	3.8	
2453883.5042	3.8	
2453883.5631	4.4	
2453883.8069	4.0	
2453883.872	4.2	
2453884.3986	4.2	
2453884.4146	3.8	
2453884.7500	4.0	
2453884.9528	4.0	
2453885.3653	4.1	
2453885.7736	3.7	
2453886.3788	3.6	
2453886.3889	3.5	
2453887.4042	4.2	
2453887.4062	4.2	
2453887.7667	3.8	
2453887.7917	3.8	
2453888.3729	4.1	
2453888.4278	4.0	
2453888.4354	4.0	
2453888.4375	3.9	
2453888.4458	3.6	
2453888.4667	4.1	
2453889.678	4.2	
2453889.7604	4.1	
2453890.4097	3.8	
2453890.4333	4.0	
2453890.635	4.2	
2453891.3799	3.5	
2453891.868	3.7	
2453892.7688	3.8	
2453892.847	4.0	
2453893.7632	4.0	
2453893.861	4.2	
2453894.3833	4.1	
2453894.4229	4.1	
2453895.4313	4.3	
2453895.7917	4.2	
2453896.4153	3.8	
2453896.5063	3.7	
2453896.7708	3.6	
2453897.4451	3.9	
2453897.4660	3.8	
2453897.4764	3.8	
2453898.4368	4.0	
2453899.3646	3.7	
2453899.4139	3.7	
2453899.4271	4.0	
2453899.492	4.2	
2453899.759	4.2	
2453899.7590	4.2	
2453900.3910	4.2	
2453900.4125	4.2	
2453900.4333	4.6	
2453900.6361	4.4	
2453900.642	4.2	
2453901.3917	4.1	
2453901.429	3.9	
2453902.488	3.5	
2453902.7556	3.7	
2453902.7583	3.8	
2453903.4736	3.7	
2453903.493	3.3	
2453903.639	4.0	
2453903.6486	4.0	
2453903.7549	4.0	
2453904.434	3.9	
2453904.5354	4.0	
2453904.7312	4.0	
2453904.7917	3.6	
2453905.3903	4.5	
2453905.396	3.8	
2453905.4292	4.1	
2453905.7667	4.0	
2453905.7917	4.2	
2453905.8049	3.9	
2453905.875	4.3	
2453906.4014	4.1	
2453906.425	4.2	
2453906.444	4.0	
2453906.7486	4.1	
2453906.7917	3.8	
2453906.8507	3.9	
2453907.2424	3.8	
2453907.361	3.3	
2453907.4042	3.5	
2453907.7674	3.6	
2453907.7778	3.7	
2453907.7917	3.6	
2453908.4014	3.5	
2453908.5791	4.4	
2453908.6326	3.8	
2453908.7604	3.9	
2453908.7694	3.9	
2453908.775	3.9	
2453909.3493	3.7	
2453909.4208	3.9	
2453909.7729	4.0	
2453910.422	4.0	
2453910.650	4.1	
2453910.7243	4.0	
2453910.7681	4.0	
2453911.417	3.7	
2453911.4861	4.1	
2453911.7722	4.1	
2453911.781	4.2	
2453911.7917	4.2	
2453912.4021	3.8	
2453912.7632	3.7	
2453913.2569	3.8	
2453913.3507	3.8	
2453913.3597	3.8	
2453913.385	3.3	
2453913.4049	3.6	
2453913.7701	3.7	
2453914.3785	3.9	
2453914.438	3.6	
2453914.6201	4.0	
2453914.646	4.0	
2453915.3556	3.8	
2453915.4500	4.1	
2453915.629	4.3	
2453915.7132	4.0	
2453915.7667	4.0	
2453916.4215	4.2	
2453916.644	4.3	
2453916.7625	4.2	
2453917.375	3.6	
2453917.3924	3.9	
2453917.4028	4.0	
2453917.5937	4.0	
2453917.6479	4.0	
2453917.705	4.1	
2453917.7583	3.9	
2453917.7625	3.9	
2453918.5097	3.7	
2453918.623	3.7	
2453918.6230	3.7	
2453918.7618	3.7	
2453919.3667	3.4	
2453919.3758	3.9	
2453919.4208	3.7	
2453919.4278	3.8	
2453919.4743	3.7	
2453919.584	3.8	
2453919.5840	3.8	
2453919.759	3.9	
2453919.7590	3.9	
2453920.4132	4.0	
2453920.4368	4.0	
2453921.4215	4.1	
2453921.4646	4.1	
2453921.8681	3.8	
2453922.4333	4.2	
2453922.635	4.2	
2453922.6350	4.2	
2453923.3222	3.7	
2453923.379	3.5	
2453923.3944	3.4	
2453923.4181	3.5	
2453923.9118	3.7	
2453924.3333	3.7	
2453924.385	3.3	
2453924.4167	3.6	
2453925.5451	4.0	
2453926.3785	4.1	
2453926.8167	4.0	
2453927.3896	4.1	
2453927.4028	4.1	
2453927.4181	3.8	
2453927.5361	4.3	
2453928.4097	3.6	
2453928.4153	4.0	
2453928.5833	4.0	
2453928.8507	3.5	
2453930.3771	3.9	
2453930.3812	3.8	
2453930.4181	3.8	
2453930.420	3.5	
2453930.441	3.8	
2453930.4410	3.8	
2453930.4472	3.6	
2453930.4653	4.	
2453930.4653	4.0	
2453930.5895	4.1	
2453931.4063	3.7	
2453931.4382	4.	
2453931.4382	4.0	
2453931.5799	4.1	
2453931.9424	4.0	
2453932.361	3.7	
2453932.3951	4.1	
2453932.4062	3.9	
2453932.4062	4.0	
2453932.5799	4.0	
2453932.625	4.2	
2453932.6250	4.2	
2453932.9708	3.9	
2453933.392	3.9	
2453933.4076	4.2	
2453933.434	4.0	
2453933.4340	4.0	
2453933.575	4.1	
2453933.93	3.8	
2453933.9300	3.8	
2453934.3618	3.5	
2453934.3931	3.5	
2453934.3979	3.4	
2453934.4042	3.8	
2453934.4063	3.7	
2453934.417	3.4	
2453934.4792	3.6	
2453934.6076	3.4	
2453934.635	3.7	
2453934.6350	3.7	
2453934.9347	4.0	
2453935.354	3.6	
2453935.37500	3.9	
2453935.3854	3.7	
2453935.3896	3.7	
2453935.3979	3.5	
2453935.4063	3.7	
2453935.43125	3.7	
2453935.6743	3.6	
2453935.7486	3.8	
2453936.35	4.2	
2453936.3764	3.9	
2453936.3792	3.9	
2453936.410	3.8	
2453936.4174	4.0	
2453936.4583	3.9	
2453936.46528	4.0	
2453937.3708	4.1	
2453937.3903	4.1	
2453937.3979	4.2	
2453937.4063	4.	
2453937.4063	4.0	
2453937.4299	3.9	
2453937.458	4.1	
2453937.4632	4.1	
2453937.5924	4.1	
2453937.5938	4.1	
2453937.7069	4.1	
2453937.7319	4.1	
2453938.3958	4.3	
2453938.396	4.0	
2453938.4083	4.1	
2453938.41667	4.1	
2453938.523	4.3	
2453938.5230	4.3	
2453938.7438	4.0	
2453938.7833	3.9	
2453939.382	3.3	
2453939.3979	3.5	
2453939.4590	3.4	
2453939.5903	3.4	
2453939.606	3.8	
2453939.6060	3.8	
2453939.69	3.7	
2453939.6900	3.7	
2453939.741	3.6	
2453939.7410	3.6	
2453939.77	3.6	
2453939.7700	3.6	
2453940.3847	3.7	
2453940.391	3.9	
2453940.3910	3.9	
2453940.3958	3.6	
2453940.41667	3.8	
2453940.4319	3.6	
2453940.4549	3.6	
2453940.5833	3.6	
2453940.635	3.9	
2453940.6350	3.9	
2453940.8556	3.8	
2453940.9319	3.9	
2453941.3743	3.9	
2453941.4139	3.9	
2453941.4236	3.7	
2453941.4563	4.0	
2453941.639	4.1	
2453941.6390	4.1	
2453941.6493	3.9	
2453941.7389	3.9	
2453942.216	4.0	
2453942.2160	4.0	
2453942.375	3.9	
2453942.3771	4.1	
2453942.3882	4.1	
2453942.4021	4.1	
2453942.5854	4.1	
2453942.6049	4.0	
2453942.629	4.2	
2453942.6290	4.2	
2453943.3993	4.1	
2453943.4125	4.1	
2453943.4951	4.2	
2453943.7208	4.0	
2453943.72431	3.8	
2453944.3486	4.1	
2453944.3779	4.1	
2453944.7493	3.7	
2453945.3889	3.6	
2453945.400	3.3	
2453945.4278	3.5	
2453945.5174	3.6	
2453945.5799	3.4	
2453945.7958	3.7	
2453945.9160	3.8	
2453946.375	3.6	
2453946.4278	3.7	
2453946.6840	3.8	
2453946.9500	3.7	
2453947.3681	4.1	
2453947.3931	4.0	
2453947.398	4.0	
2453947.4167	4.1	
2453947.4507	3.9	
2453947.575	4.0	
2453947.6958	4.0	
2453947.71736	4.1	
2453947.8451	3.9	
2453947.9090	4.0	
2453948.375	3.9	
2453948.375	4.0	
2453948.3854	4.4	
2453948.5792	4.	
2453948.5792	4.0	
2453948.629	4.2	
2453948.6290	4.2	
2453948.6708	3.9	
2453948.7674	4.2	
2453949.37847	4.0	
2453949.3875	4.2	
2453949.3986	4.1	
2453949.6028	4.1	
2453949.623	4.2	
2453949.6230	4.2	
2453949.7153	3.8	
2453949.7660	4.0	
2453949.8333	3.9	
2453950.3326	3.5	
2453950.34028	3.5	
2453950.3438	3.8	
2453950.365	3.3	
2453950.3924	3.4	
2453950.5944	3.4	
2453950.631	3.8	
2453950.6310	3.8	
2453950.7625	3.4	
2453950.8333	3.6	
2453951.34375	3.6	
2453951.3486	3.76	
2453951.3778	3.4	
2453951.4562	3.7	
2453951.4576	3.8	
2453951.6875	4.0	
2453952.32986	4.0	
2453952.4299	4.0	
2453952.566	3.9	
2453952.5660	3.9	
2453952.625	4.	
2453952.6250	4.0	
2453952.63	4.1	
2453952.6300	4.1	
2453952.713	4.2	
2453952.7130	4.2	
2453952.7604	4.0	
2453952.7722	4.1	
2453952.8264	4.0	
2453953.0528	3.4	
2453953.33333	3.9	
2453953.38	4.0	
2453953.4167	4.3	
2453953.4403	4.0	
2453953.5590	<4.4	
2453953.6056	4.1	
2453953.6597	4.1	
2453953.6750	4.2	
2453953.7500	3.9	
2453953.7528	4.1	
2453954.359	4.2	
2453954.36111	4.0	
2453954.6549	4.0	
2453955.30556	3.7	
2453955.9667	3.8	
2453956.31597	3.6	
2453956.3354	3.45	
2453956.3993	3.8	
2453956.6167	3.9	
2453956.6819	3.6	
2453956.8333	3.3	
2453957.365	4.0	
2453957.40972	4.0	
2453957.4188	4.1	
2453958.31944	4.0	
2453958.6146	3.8	
2453958.8333	3.8	
2453959.25000	4.2	
2453959.3896	3.8	
2453959.5646	4.2	
2453959.7104	3.9	
2453959.8333	4.0	
2453960.34722	4.0	
2453960.375	4.2	
2453960.4653	3.9	
2453960.5639	4.	
2453960.5639	4.0	
2453960.5750	3.8	
2453960.683	4.1	
2453960.6830	4.1	
2453960.7444	3.9	
2453961.25000	3.6	
2453961.375	3.5	
2453961.3958	3.75	
2453961.3979	3.5	
2453961.7236	3.5	
2453962.25000	3.8	
2453962.3382	3.7	
2453962.3416	3.58	
2453962.3417	3.5	
2453962.409	3.9	
2453962.4090	3.9	
2453962.4306	3.7	
2453962.4319	3.7	
2453962.4764	3.9	
2453962.6583	3.7	
2453962.8333	3.8	
2453962.8403	4.1	
2453963.375	4.2	
2453963.4069	3.7	
2453963.4382	4.1	
2453963.6104	4.0	
2453963.633	4.1	
2453963.6604	4.0	
2453963.6618	4.0	
2453963.6889	4.0	
2453963.6972	4.0	
2453963.7118	4.0	
2453964.28125	4.0	
2453964.431	3.9	
2453964.4326	3.7	
2453964.5861	4.2	
2453964.6931	4.0	
2453964.6944	4.0	
2453964.7139	3.9	
2453965.3194	4.2	
2453965.3329	4.0	
2453965.33681	4.0	
2453965.4188	4.1	
2453965.68889	4.4	
2453965.7104	4.0	
2453965.7646	4.0	
2453966.347	3.3	
2453966.354	3.8	
2453966.3771	3.4	
2453966.38	3.4	
2453966.4257	3.8	
2453966.72917	3.5	
2453967.31250	3.7	
2453967.3319	3.7	
2453967.3354	3.8	
2453967.375	3.6	
2453967.379	3.5	
2453967.4472	3.5	
2453967.4493	3.4	
2453967.4572	3.7	
2453967.5181	3.6	
2453967.6299	4.0	
2453967.6500	3.7	
2453967.6868	4.0	
2453967.7819	3.9	
2453968.3062	3.81	
2453968.34028	3.9	
2453968.5104	3.7	
2453968.5118	3.7	
2453968.635	4.1	
2453968.6486	3.8	
2453968.6632	3.9	
2453968.7306	3.8	
2453969.31250	4.0	
2453969.3451	3.8	
2453969.368	4.4	
2453969.3736	4.2	
2453969.4104	4.0	
2453969.4118	3.9	
2453969.4201	4.3	
2453969.5472	4.4	
2453969.5542	4.1	
2453969.613	4.1	
2453969.6868	4.0	
2453969.7722	4.2	
2453969.8333	3.8	
2453970.32639	4.1	
2453970.3368	3.9	
2453970.361	4.3	
2453970.3917	3.9	
2453970.403	4.4	
2453970.4042	4.3	
2453970.4056	4.4	
2453970.5951	4.0	
2453970.644	4.3	
2453970.7278	4.0	
2453970.7375	4.0	
2453970.7688	4.3	
2453971.3194	4.0	
2453971.347	4.0	
2453971.4007	3.7	
2453971.40278	4.0	
2453971.4028	3.8	
2453971.54792	3.7	
2453971.606	3.8	
2453971.7896	3.5	
2453971.9882	3.8	
2453972.33333	3.8	
2453972.3347	3.5	
2453972.3403	3.5	
2453972.3556	3.5	
2453972.375	3.7	
2453972.3993	3.7	
2453972.725	3.8	
2453972.7681	3.8	
2453972.85139	4.0	
2453973.25833	3.7	
2453973.375	3.9	
2453973.3875	3.8	
2453973.4188	3.7	
2453973.4201	3.7	
2453973.4243	4.0	
2453973.52292	3.9	
2453973.6479	3.6	
2453973.7181	3.9	
2453974.3041	3.93	
2453974.3257	4.0	
2453974.3285	4.1	
2453974.4049	3.9	
2453974.4062	4.1	
2453974.4363	3.9	
2453974.51736	4.0	
2453974.62083	4.1	
2453974.7049	4.1	
2453975.3139	4.2	
2453975.3236	4.08	
2453975.3306	3.8	
2453975.3542	4.11	
2453975.36458	4.0	
2453975.4757	4.2	
2453975.4778	4.1	
2453975.7007	4.0	
2453975.7158	4.0	
2453976.3431	4.1	
2453976.351	4.3	
2453976.36111	4.0	
2453976.3625	4.0	
2453976.4222	3.9	
2453976.4403	4.3	
2453976.4410	4.1	
2453976.4431	4.3	
2453976.7069	3.8	
2453977.34375	3.6	
2453977.3472	3.69	
2453977.3576	3.7	
2453977.375	3.5	
2453977.4236	3.5	
2453977.4257	3.4	
2453977.5555	3.4	
2453977.73333	3.9	
2453978.3243	3.84	
2453978.3285	3.5	
2453978.3514	3.7	
2453978.3632	3.8	
2453978.3792	3.93	
2453978.389	4.0	
2453978.3986	4.0	
2453978.4028	3.6	
2453978.4056	3.7	
2453978.4188	3.76	
2453978.42361	3.9	
2453978.4625	3.8	
2453978.5507	3.9	
2453978.6917	3.9	
2453978.8333	3.6	
2453979.32500	4.13	
2453979.3778	4.11	
2453979.4049	4.0	
2453979.4208	3.94	
2453979.4611	3.99	
2453979.5882	4.1	
2453979.5972	4.0	
2453979.7514	3.9	
2453979.8333	3.7	
2453980.3521	3.7	
2453980.385	4.4	
2453980.3889	4.3	
2453980.41806	3.9	
2453980.6688	3.8	
2453980.6771	4.0	
2453980.7618	4.2	
2453981.29861	4.2	
2453981.313	3.9	
2453981.3215	3.7	
2453981.32500	4.11	
2453981.44861	4.1	
2453981.45069	4.0	
2453981.56250	4.0	
2453981.639	4.2	
2453981.6792	4.0	
2453981.6799	4.0	
2453982.32431	3.75	
2453982.32639	3.7	
2453982.3326	3.5	
2453982.358	3.7	
2453982.37708	3.67	
2453982.4049	3.9	
2453982.4417	3.6	
2453982.46319	3.5	
2453982.46528	3.4	
2453982.642	3.6	
2453982.6771	3.8	
2453983.29167	3.7	
2453983.32292	3.8	
2453983.326	3.7	
2453983.36111	3.72	
2453983.37708	3.7	
2453983.37917	3.8	
2453983.382	3.4	
2453983.39931	3.67	
2453983.5743	3.9	
2453983.5889	3.6	
2453983.629	3.8	
2453983.6931	3.7	
2453984.33333	3.6	
2453984.6979	3.9	
2453984.7257	3.9	
2453985.31597	4.11	
2453985.34028	4.0	
2453985.6667	4.0	
2453985.6889	4.0	
2453986.30625	3.96	
2453986.32986	4.11	
2453986.34375	4.0	
2453986.5090	4.4	
2453987.2931	4.0	
2453987.3333	3.7	
2453987.34028	4.2	
2453987.3521	4.0	
2453987.6910	3.6	
2453988.2917	3.4	
2453988.293	3.3	
2453988.31597	3.67	
2453988.34722	3.6	
2453988.37083	3.4	
2453988.37569	3.5	
2453988.37778	3.6	
2453988.66250	3.8	
2453989.3333	3.5	
2453989.34306	3.8	
2453989.35069	3.8	
2453989.3806	3.9	
2453989.4215	3.9	
2453989.51250	3.7	
2453989.51528	3.7	
2453989.60417	3.9	
2453989.6306	3.8	
2453989.6722	4.0	
2453989.7500	3.6	
2453990.2917	3.7	
2453990.3035	3.8	
2453990.30833	4.0	
2453990.35278	4.0	
2453990.3583	3.9	
2453990.3653	3.7	
2453990.36806	4.0	
2453990.5188	4.0	
2453990.8333	4.0	
2453991.31250	4.1	
2453991.31319	4.08	
2453991.33681	3.9	
2453991.3551	4.1	
2453991.3569	4.4	
2453991.37361	3.9	
2453991.3750	4.2	
2453991.37708	4.1	
2453991.4042	4.1	
2453991.4375	4.2	
2453991.5278	4.1	
2453991.6875	4.1	
2453992.23958	4.0	
2453992.31111	4.2	
2453992.3931	4.1	
2453992.7049	4.0	
2453993.29653	3.8	
2453993.34028	3.5	
2453993.368	3.5	
2453993.3701	3.5	
2453993.42292	3.6	
2453993.42569	3.5	
2453993.6271	3.4	
2453993.635	3.6	
2453993.8333	3.6	
2453994.28611	3.5	
2453994.30208	3.6	
2453994.3333	3.5	
2453994.3715	3.7	
2453994.40625	3.7	
2453994.40833	3.7	
2453994.4236	3.8	
2453994.5590	3.9	
2453994.665	3.9	
2453994.6819	3.7	
2453994.8333	3.8	
2453995.27847	4.0	
2453995.37847	3.8	
2453995.39444	4.1	
2453995.39722	4.1	
2453995.5465	3.9	
2453995.5965	3.9	
2453995.6097	4.1	
2453995.6750	4.0	
2453995.8333	4.1	
2453996.4063	4.1	
2453996.6021	4.0	
2453996.70139	4.0	
2453997.2917	3.9	
2453997.29375	4.13	
2453997.30278	4.2	
2453997.33333	4.0	
2453997.375	4.3	
2453997.38333	4.04	
2453997.3958	4.1	
2453997.4347	4.1	
2453997.5285	4.1	
2453997.6208	4.1	
2453997.669	<4.2	
2453997.74583	3.9	
2453997.8333	4.0	
2453998.2917	4.0	
2453998.29306	3.96	
2453998.31944	3.7	
2453998.34514	3.78	
2453998.3542	3.8	
2453998.382	3.5	
2453998.40347	3.74	
2453998.69097	3.82	
2453998.8333	3.6	
2453999.29167	3.73	
2453999.2917	3.6	
2453999.3000	3.4	
2453999.31250	3.6	
2453999.31597	3.5	
2453999.37014	4.0	
2453999.3722	3.7	
2453999.38056	3.84	
2453999.417	3.7	
2453999.4514	3.9	
2453999.4965	3.8	
2453999.5493	3.5	
2453999.55556	3.8	
2453999.604	3.9	
2453999.6319	4.0	
2453999.6715	4.0	
2453999.67569	3.96	
2453999.7444	3.8	
