2422339.215	3.1		L
2425261.89	3.2		FUR
2425289.09	3.3		GO
2425293.99	3.4		GO
2425295.07	3.4	0.01	GO
2425296.09	3.3		GO
2425297.09	3.3		GO
2425298.1	3.1		GO
2425299.09	3.2		GO
2425301.05	3.1		GO
2425302.08	3.1		GO
2425323.96	3.4		FUR
2425509.538	3.9		L
2425515.663	3.8		L
2425520.595	3.9		L
2425545.641	3.8		L
2425555.613	3.8		L
2425565.671	3.9		L
2425568.549	3.9		L
2425575.672	3.9		L
2425587.669	4		L
2425601.658	4		L
2425689.3	4.1		BE
2425690.3	4.1		BE
2425696.3	<4.2		BE
2425701.3	4.1		BE
2425703.3	4.2		BE
2425709.3	4.2		BE
2425719.4	4.1		BE
2425732.3	4		BE
2425736.3	4		BE
2426769.4	3.4		DA
2426777.5	3		DA
2426779.5	3		DA
2426788.6	2.9		DA
2426791.5	3.2		DA
2427043.6	3		SCA
2428230.6	3.3		SLR
2428231.6	3.2		SLR
2428232.6	3.2		SLR
2428236.6	3.2		SLR
2428257.7	3.2		SLR
2428268.6	3.2		SLR
2428274.6	3.2		SLR
2431488.26	3.2		ELD
2431520.31	3.1		ELD
2431530.32	3.1		ELD
2431531.32	3.1		ELD
2431739.3	3.2		CC
2431754.27	3.2		CC
2431759.34	3.2		ELD
2431913.27	3.2		ELD
2432307.28	3.7		CC
2432312.27	3.2		CC
2432317.26	3.2		CC
2432548.52	3.7		DA
2432646.33	3.1		CC
2432654.28	3.2		CC
2432655.25	3.2		CC
2432657.27	3.1		CC
2432663.27	3.1		CC
2432664.32	3.2		CC
2432677.28	3.1		CC
2432681.27	3.2		CC
2432687.29	3.1		CC
2432700.28	3.1		CC
2432861.38	3.1		DE
2432915.24	3.2		DE
2432916.25	3.1		DE
2432917.24	3.1		DE
2432919.24	3.1		DE
2432920.2	3.1		DE
2432924.2	3.2		DE
2432927.25	3.2		DE
2432931.29	3.1		DE
2432935.26	3.1		DE
2432936.23	3.1		DE
2432936.33	3.1		DE
2432937.23	3.1		DE
2432938.22	3.1		DE
2432942.25	3.1		DE
2432946.21	3.1		DE
2432946.28	3.1		DE
2432947.36	3.1		DE
2432948.22	3.1		DE
2432951.27	3.1		DE
2432953.24	3.1		DE
2432955.35	3.1		DE
2432956.24	3.1		DE
2432957.21	3.1		DE
2432958.25	3.1		DE
2432963.24	3.1		DE
2432964.31	3.1		DE
2432965.24	3.2		DE
2432966.22	3.2		DE
2432967.3	3.2		DE
2432968.27	3.1		DE
2432969.23	3.2		DE
2432972.38	3.2		DE
2432973.26	3.2		DE
2432974.3	3.2		DE
2432975.25	3.2		DE
2432976.28	3.2		DE
2432977.22	3.2		DE
2432978.26	3.2		DE
2432980.24	3.2		DE
2432981.29	3.1		DE
2432983.28	3.2		DE
2432985.24	3.2		DE
2432986.21	3.1		DE
2432991.34	3.1		DE
2432998.27	3.1		DE
2433001.28	3.1		DE
2433004.27	3.1		DE
2433007.25	3.2		DE
2433011.24	3.1		DE
2433011.28	3.2		DE
2433012.25	3.1		DE
2433016.28	3.1		DE
2433017.25	3.2		DE
2433019.27	3.1		DE
2433020.25	3.1		DE
2433022.29	3.1		DE
2433024.25	3.2		DE
2433026.26	3.1		DE
2433028.29	3.1		DE
2433029.31	3.1		DE
2433030.24	3.1		DE
2433031.27	3.1		DE
2433032.25	3.1		DE
2433035.25	3.1		DE
2433036.27	3.1		DE
2433119.55	3.2		DE
2433120.55	3.2		DE
2433121.52	3.3		DE
2433121.54	3.3		DE
2433122.49	3.2		DE
2433123.54	3.2		DE
2433124.53	3.2		DE
2433125.51	3.2		DE
2433126.5	3.2		DE
2433127.5	3.2		DE
2433128.53	3.2		DE
2433129.49	3.2		DE
2433130.45	3.2		DE
2433131.51	3.2		DE
2433133.52	3.2		DE
2433134.52	3.2		DE
2433135.49	3.3		DE
2433136.49	3.2		DE
2433137.5	3.2		DE
2433138.49	3.2		DE
2433138.59	3.2		DE
2433139.48	3.2		DE
2433140.49	3.2		DE
2433141.5	3.2		DE
2433142.46	3.2		DE
2433143.44	3.2		DE
2433143.53	3.2		DE
2433144.53	3.2		DE
2433145.48	3.3		DE
2433146.46	3.1		DE
2433147.5	3.1		DE
2433148.5	3.1		DE
2433149.45	3.2		DE
2433150.46	3.2		DE
2433151.46	3.2		DE
2433152.48	3.2		DE
2433153.44	3.1		DE
2433154.45	3.1		DE
2433155.5	3.2		DE
2433156.45	3.1		DE
2433157.5	3.1		DE
2433159.5	3.2		DE
2433160.49	3.2		DE
2433163.39	3.1		DE
2433164.62	3.1		DE
2433167.62	3.1		DE
2433171.42	3.2		DE
2433173.45	3.1		DE
2433174.42	3.2		DE
2433175.42	3.2		DE
2433176.45	3.2		DE
2433177.44	3.2		DE
2433180.38	3.1		DE
2433181.4	3.2		DE
2433182.44	3.2		DE
2433183.44	3.2		DE
2433185.48	3.2		DE
2433186.47	3.2		DE
2433191.46	3.2		DE
2433193.36	3.2		DE
2433194.44	3.1		DE
2433207.44	3.2		DE
2433215.47	3.2		DE
2433218.39	3.2		DE
2433220.3	3.1		DE
2433225.39	3.1		DE
2433228.3	3.1		DE
2433234.31	3.1		DE
2433237.27	3.2		DE
2433241.28	3.2		DE
2433242.33	3.2		ELD
2433249.28	3.1		DE
2433255.33	3.1		DE
2433261.25	3.1		DE
2433279.31	3.1		DE
2433384.26	3.1		DE
2433413.28	3.1		DE
2433492.54	3.2		DE
2433493.54	3.2		DE
2433501.49	3.2		DE
2433513.47	3.2		DE
2433538.41	3.1		DE
2433539.49	3.2		DE
2433540.43	3.2		DE
2433541.39	3.2		DE
2433550.54	3.2		DE
2433586.28	3.1		DE
2433918.3	3.3		FY
2433919.3	3.2		FY
2433925.3	3.2		FY
2433926.3	3.2		FY
2433927.3	3.2		FY
2433928.3	3.2		FY
2433929.3	3.1		FY
2433930.3	3.1		FY
2433931.3	3.1		FY
2433932.3	3.1		FY
2433943.3	3.1		FY
2433944.3	2.9		FY
2433945.3	3.1		FY
2433947.3	2.9		FY
2433948.3	3		FY
2433949.3	3		FY
2433953.3	2.9		FY
2433957.3	3.1		FY
2433962.3	2.9		FY
2433976.3	3.1		FY
2434000.3	3		FY
2434001.3	3		FY
2434003.3	3.1		FY
2434004.3	3.1		FY
2434007.3	3.1		FY
2434027.3	3.1		FY
2434039.3	3.1		FY
2434067.3	2.9		FY
2434069.3	2.9		FY
2434070.3	2.9		FY
2434074.3	3.1		FY
2434077.3	3.1		FY
2434082.3	3.1		FY
2434083.3	3		FY
2434084.3	3		FY
2434086.3	3		FY
2434087.3	3		FY
2434088.3	3		FY
2434090.3	3		FY
2434091.3	3		FY
2434097.3	3		FY
2434099.3	3		FY
2434104.3	3.1		FY
2434105.3	2.9		FY
2434113.3	3		FY
2434116.3	2.9		FY
2434117.3	2.9		FY
2434121.3	3		FY
2434128.3	3		FY
2434133.3	3		FY
2434241.46	3.2		CC
2434243.46	3.3		CC
2434244.47	3.3		CC
2434245.43	3.3		CC
2434246.41	3.3		CC
2434247.4	3.3		CC
2434256.41	3.2		CC
2434409.22	3.2		ELD
2435189.7	3.3		SGW
2435205.6	3.3		SGW
2435212	3.4		YM
2435214.8	3.3		SGW
2435219.6	3.3		SGW
2435230.7	3.3		SGW
2435235.7	3.3		SGW
2435242.1	3.1		TC
2435332	3.4		SGW
2435332.5	3.1		ELD
2435340.3	3.5		TC
2435341.46	3.2		ELD
2435344.8	3.4		SGW
2435354.6	3.5		CLC
2435363.3	3.6		TC
2435367.6	3.3		CLC
2435368.2	3.6		TC
2435380.39	3.7		ELD
2435389	3.7		G9
2435389.6	3.7		CLC
2435390.6	3.7		CLC
2435393.2	3.7		TC
2435403.6	3.8		CLC
2435407.3	3.3		YM
2435409	3.8		G9
2435437.1	3.9		TC
2435442.6	3.9		SGW
2435447.1	4		TC
2435473.7	3.7		CLC
2435475.6	3.8		SGW
2435477.1	4.1		TC
2435482.6	3.7		CLC
2435495.6	3.7		CLC
2435506.7	3.8		SGW
2435509.6	3.9		SGW
2435545.1	3.7		TC
2435582.6	4		SGW
2435848.2	3.7		TC
2435921.28	3.2		CC
2435926	3.3		TC
2435927.26	3.2		CC
2435928.31	3.3		CC
2438692.41	2.8		ILS
2438776.328	3.2		ILS
2438787.399	3.5		ILS
2439706.622	3.2		ILS
2439723.559	3.2		ILS
2439730.617	3.2		ILS
2439737.533	3.2		ILS
2441626.4	3.1		GER
2441627.4	3.1		GER
2441637.32	3.1		STF
2441647.2	3.3		BLP
2441649.2	3.3		BLP
2441650.2	3.3		BLP
2441651.2	3.4		BLP
2441652.2	3.3		BLP
2441655.3	3.4		BLP
2441656.3	3.3		BLP
2441659.3	3.3		BLP
2441662.3	3.2		BLP
2441673.3	3.1		BLP
2441674.3	3.1		BLP
2441675.4	3.2		GER
2441676.3	3.1		BLP
2441680.4	3.2		GER
2441913.48	3.1		STF
2442040.5	3.1		HEV
2442052.42	3.2	
2442058.39	3.1	
2442074.25	3.5	
2442075.09	3.5	
2442108.31	3.3	
2442117.46	3.3	
2442123.33	3.2	
2442123.5	3.1		HEV
2442125.5	3.1		HEV
2442127.39	3.4	
2442134.39	3.4	
2442139.2	3.1		FEN
2442140.2	3.1		FEN
2442140.3	3.2		CSG
2442141.3	3		FEN
2442141.3	3.1		CSG
2442142.3	3		FEN
2442143.2	3.1		FEN
2442143.3	3.1		CSG
2442146.2	3.1		FEN
2442146.3	3.1		CSG
2442147.3	3.1		FEN
2442148.3	3.1		FEN
2442149.3	3.1		ZAG
2442150.3	3		FEN
2442151.3	3		ZAG
2442154.3	3		FEN
2442159.3	3		ZAG
2442160.2	3.1		FEN
2442161.3	3		FEN
2442161.4	3		EGI
2442175.3	3		EGI
2442176.3	3		ZAG
2442183.3	3		EGI
2442185.4	3		FEN
2442186.3	2.8		EGI
2442255.5	3.1		ZAG
2442270.5	3.1		ZAG
2442298.5	3.2		HEV
2442392.25	3.4	
2442404.32	3.3	
2442405.2	3.4	
2442411.22	3.3	
2442771.4	3.2	
2442777.3	3.2	
2442827.3	3.9	
2442828.3	3.7	
2442829.3	3.8	
2442830.3	3.6	
2442834.3	3.8	
2442837.3	3.8	
2442840.28	3.2	
2442841.3	3.1	
2442857.32	3.2	
2442858.34	3.3	
2442867.32	3.1	
2442872.33	3.7	
2442886.37	3.6	
2442889.37	3.7	
2443047.55	3.1		KSZ
2443050.46	3.1		KSZ
2443056.52	3.2		KSZ
2443060.52	3.1		KSZ
2443064.3	3.1		KSZ
2443075.29	3.2		KSZ
2443077.48	3.1		KSZ
2443093.3	3.2		KSZ
2443108.22	3.1		KSZ
2443121.33	3.1		KSZ
2443135.22	3.1		KSZ
2443138.67	3		KSZ
2443162.5	3.1		KSZ
2443201.3	3		KSZ
2443208.35	3		KSZ
2443209.29	2.9		KSZ
2443209.31	3.1	
2443211.28	3.1	
2443217.31	3.1	
2443217.32	2.9		KSZ
2443220.3	3.1		KSZ
2443224.34	3		KSZ
2443228.42	3.1		KSZ
2443239.37	3.1		KSZ
2443241.3	3.6		SUS
2443244.38	3.1		KSZ
2443251.34	3.2		KSZ
2443360.58	3.1		KSZ
2443394.4	3.4		OSA
2443399.4	3.4		OSA
2443401.4	3.1		KSZ
2443411.6	3.1		KSZ
2443419.4	3.2		HEV
2443423.4	3.1		HEV
2443429.3	3.1		HEV
2443432.3	3.1		HEV
2443433.4	3.2		HEV
2443458.4	3.1		HEV
2443491.4	3.1		HEV
2443505.3	3.1		HEV
2443510.3	3.4		BKM
2443576.3	3.5		BKM
2443740.63	3.1		STF
2443976.3	3.1		KUA
2443977.3	3		KUA
2443979.3	2.9		KUA
2443983.4	3.1		KUA
2444067.606	3		ILS
2444079.542	2.9		ILS
2444081.569	2.9		ILS
2444087.508	3		ILS
2444101.56	2.9		ILS
2444107.472	3		ILS
2444114.545	2.9		ILS
2444127.648	2.9		ILS
2444128.5	2.8		ILS
2444132.507	2.9		ILS
2444133.437	2.9		ILS
2444139.458	3		ILS
2444152.676	3		ILS
2444856.656	3.1		ILS
2444860.543	3		ILS
2444861.487	2.9		ILS
2444870.426	3		ILS
2444875.679	2.9		WEF
2444880.414	3		ILS
2444995.3	3.1	
2445001.3	3.1	
2445002.3	3	
2445012.3	3.2	
2445013.3	3.3		WLP
2445014.3	3.3	
2445030.3	3.2	
2445034.4	3.1		BMU
2445044.3	3.2	
2445056.34	3		MED
2445072.3	3.1	
2445074.3	3.2	
2445075.3	3.1		BMU
2445077.3	3.2	
2445082.3	3.2	
2445087.3	3.2	
2445093.4	3.1		BMU
2445139.5	3		VNL
2445168.5	3		WLP
2445168.5	3		VNL
2445169.5	3.1		VNL
2445170.6	3.2		BMU
2445181.5	3.3		VNL
2445181.5	3.2		BMU
2445192.5	3.1		VNL
2445193.5	3.1		VNL
2445196.3	3.2	
2445197.5	3.3		VNL
2445199.5	3.3		VNL
2445209.5	3.4		VNL
2445211.3	3.3	
2445212.3	3.4	
2445215.3	3.5	
2445217.7	3.1		WEF
2445224.5	3.4		BMU
2445226.7	3.3		WEF
2445228.3	3.9	
2445232.3	3.7	
2445233.7	3.3		WEF
2445236.5	3.7		VNL
2445237.3	3.6	
2445239.4	3.4		ECH
2445240.7	3.3		WEF
2445241.3	3.6	
2445244.646	3.1		WEF
2445247.3	3.7	
2445249.9	3.1		BDT
2445250.6	3.1		BDT
2445250.9	3.2		BDT
2445251.6	3.2		BDT
2445251.9	3.3		BDT
2445253.6	3.2		BDT
2445253.669	3.4		WEF
2445254.9	3.2		BDT
2445255.6	3.2		BDT
2445256.5	3.8		VNL
2445256.717	3.4		WEF
2445257.6	3.3		BDT
2445258.691	3.4		WEF
2445258.7	3.3		BDT
2445259.4	3.6		BMU
2445259.6	3.2		BDT
2445260.36	3.6		ECH
2445260.9	3.3		BDT
2445261.6	3.3		BDT
2445261.677	3.5		WEF
2445262.7	3.3		BDT
2445263.49	3.5		TCE
2445263.6	3.2		BDT
2445263.7	3.3		BDT
2445263.9	3.4		BDT
2445264.5	3.9		VNL
2445264.6	3.3		BDT
2445264.8	3.4		BDT
2445265.68	3.4		WEF
2445267.9	3.4		BDT
2445268.6	3.4		BDT
2445268.7	3.4		BDT
2445269.3	3.7	
2445269.6	3.4		BDT
2445269.9	3.4		BDT
2445270.4	3.6		BMU
2445270.6	3.4		BDT
2445270.9	3.4		BDT
2445271.6	3.3		BDT
2445271.9	3.4		BDT
2445272.3	3.7	
2445272.6	3.3		BDT
2445272.9	3.4		BDT
2445273.7	3.4		BDT
2445274.699	3.5		WEF
2445276.7	3.4		BDT
2445277.6	3.4		BDT
2445279.6	3.4		BDT
2445280.3	3.6	
2445280.5	3.4		BDT
2445280.6	3.5		BDT
2445281.3	3.8	
2445283.3	3.8	
2445283.4	3.7		BMU
2445283.5	3.9		VNL
2445283.6	3.4		BDT
2445284.3	3.8	
2445284.5	3.4		BDT
2445285.7	3.4		BDT
2445286.7	3.4		BDT
2445287.6	3.4		BDT
2445289.6	3.4		BDT
2445291.5	3.4		BDT
2445292.6	3.4		BDT
2445292.7	3.4		BDT
2445293.5	3.6		KSZ
2445293.6	3.4		BDT
2445295.5	3.4		BDT
2445295.6	3.4		BDT
2445296.6	3.3		BDT
2445297.3	3.9	
2445297.6	3.5		BDT
2445297.7	3.5		BDT
2445297.9	3.4		BDT
2445298.3	3.9	
2445298.3	3.8		BMU
2445300.6	3.9		KSZ
2445300.6	3.4		BDT
2445301.6	3.4		BDT
2445301.9	3.4		BDT
2445302.6	3.5		BDT
2445302.9	3.4		BDT
2445303.5	3.5		BDT
2445303.552	3.5		WEF
2445304.5	3.5		BDT
2445304.8	3.3		BDT
2445309.3	4	
2445312.4	3.8		BMU
2445314.3	3.4		MED
2445315.5	4.2		VNL
2445323.3	3.9	
2445326.3	3.9		BMU
2445337.2	3.9	
2445339.3	3.9		VNL
2445339.4	4.1		BMU
2445341.8	3.7		WEF
2445342.2	4	
2445343.4	4		VNL
2445344.3	3.9		VNL
2445347.2	4		GRZ
2445348.3	4		VNL
2445348.3	3.8		KSZ
2445350.3	3.9		VNL
2445352.3	3.7		ECH
2445353.3	3.8		VNL
2445357.3	3.7		ECH
2445367.2	3.9	
2445368.3	4.1		VNL
2445369.3	3.9		BMU
2445370.3	4		GRZ
2445372.3	3.9		GRZ
2445380.2	4	
2445382.3	4		VNL
2445383.2	4	
2445383.3	3.8		VNL
2445384.4	4.1		GRZ
2445387.2	4	
2445394.2	4	
2445397.3	4.2		GRZ
2445399.3	3.7		KSZ
2445402.4	4.1		GRZ
2445404.3	3.6		KSZ
2445405.3	4.1		GRZ
2445406.3	3.8		KSZ
2445406.3	4.2		GRZ
2445406.3	3.8	
2445406.3	3.9		BMU
2445407.3	4.2		GRZ
2445407.3	3.9	
2445410.3	3.8	
2445419.3	3.8	
2445427.4	3.7		KSZ
2445428.3	3.7	
2445431.3	3.9		VNL
2445431.3	3.8	
2445441.3	3.8	
2445466.4	3.7	
2445474.4	3.7	
2445501.39	<4.3:		VNL
2445550.5	4.1		VNL
2445557.5	4.1		VNL
2445562.5	4.1		VNL
2445570.7	4	
2445572.7	4	
2445583.3	4	
2445586.3	4	
2445588.4	3.9		BMU
2445589.3	3.9	
2445593.3	3.9	
2445604.3	3.9	
2445611.4	4.2		VNL
2445614.3	4	
2445615.5	4		BMU
2445621.3	3.9	
2445623.7	3.5		SMF
2445637.8	3.7		SMF
2445643.7	3.7		SMF
2445645.3	3.9	
2445652.3	3.9	
2445663.3	3.9	
2445666.3	3.8		MED
2445667.3	3.8		MED
2445669.29	3.9		VNL
2445671.2	3.8	
2445671.3	3.9		LEB
2445672.3	<4.9		VNL
2445679.6	3.6		RB
2445682.6	3.6		RB
2445683.2	3.8	
2445683.5	3.5		SMF
2445691.2	3.8	
2445692.6	3.6		RB
2445693.6	3.4		RB
2445695.5	3.6		RB
2445700.7	3.6		RB
2445702.5	3.6		RB
2445703.3	3.7	
2445704.6	3.5		RB
2445705.3	3.7	
2445706.5	3.6		RB
2445707.5	3.6		RB
2445708.5	3.6		RB
2445709.6	3.7		VNL
2445711.31	3.6		MED
2445713.3	3.8	
2445717.3	3.8	
2445719.5	3.5		RB
2445720.35	3.7		VNL
2445721.5	3.5		RB
2445722.5	3.6		RB
2445724.3	3.8	
2445733.5	3.6		RB
2445736.5	3.5		RB
2445738.3	3.8	
2445738.5	3.5		RB
2445741.5	3.4		RB
2445746.5	3.5		RB
2445748.5	3.3		RB
2445749.5	3.1		RB
2445749.5	3.3		CMJ
2445750.6	3.9		VNL
2445754.5	3.3		RB
2445755.5	3.3		RB
2445756.5	3.1		RB
2445757.3	3.8	
2445760.5	3.1		RB
2445763.6	2.9		RB
2445767.5	3.7		CMJ
2445768.6	3		RB
2445769.5	2.9		RB
2445770.5	2.9		RB
2445771.5	2.9		RB
2445774.5	2.9		RB
2445775.3	3.6	
2445775.5	3		RB
2445776.5	3		RB
2445777.5	2.9		RB
2445778.5	2.9		RB
2445779.3	3.6	
2445779.5	2.9		RB
2445781.4	2.8		RB
2445782.5	2.8		RB
2445782.5	2.6		RB
2445786.3	3.5	
2445789.6	2.6		RB
2445790.5	2.6		RB
2445791.5	2.6		RB
2445792.6	2.6		RB
2445795.5	2.6		RB
2445797.5	2.6		RB
2445803.9	2.6		RB
2445804.5	2.6		RB
2445807.6	2.6		RB
2445808.3	3.3	
2445808.4	3.3		VNL
2445808.5	2.6		RB
2445809.3	3.3	
2445809.4	3.4		VNL
2445809.5	2.6		RB
2445811.5	2.5		RB
2445812.5	2.6		RB
2445815.3	3.2	
2445815.5	2.6		RB
2445816.5	2.6		RB
2445817.4	3.2		VNL
2445817.5	2.6		RB
2445818.4	3.1		VNL
2445818.5	2.6		RB
2445822.3	3.2	
2445830.5	2.6		RB
2445831.5	2.7		RB
2445832.5	2.7		RB
2445833.5	2.7		RB
2445834.5	2.7		RB
2445837.5	2.7		RB
2445839.5	2.7		RB
2445840.6	2.7		RB
2445841.6	2.7		RB
2445842.5	2.6		RB
2445915.6	3		VNL
2445916.9	2.9		RB
2445917.9	2.9		RB
2445918.9	2.9		RB
2445919.9	2.9		RB
2445920.9	2.9		RB
2445921.9	2.9		RB
2445922.9	2.9		RB
2445924.9	2.9		RB
2445927.9	2.9		RB
2445928.9	2.9		RB
2445929.9	2.9		RB
2445939.9	2.9		RB
2445940.4	3.2	
2445942.9	2.9		RB
2445943.4	3.2	
2445943.9	2.9		RB
2445954.5	3.4		VNL
2445975.3	3.3	
2445993.7	3		KSZ
2445994.3	3.2	
2446007.3	3.2		VNL
2446028.4	3		KSZ
2446029.3	3.2	
2446032.3	3.2	
2446034.3	3.2	
2446047.3	3		KSZ
2446054.3	3.2	
2446130.314	2.8		ILS
2446523.6	2.3		BMN
2446822.231	3.1		ILS
2446827.217	3.1		ILS
2446829.28	3		ILS
2446837.195	3		ILS
2446842.19	3.1		ILS
2446844.254	3		ILS
2446845.242	3		ILS
2446846.194	3		ILS
2446852.327	3		ILS
2446875.272	2.9		ILS
2446877.249	2.7		ILS
2446879.299	3.1		ILS
2446880.217	3		ILS
2446882.234	3		ILS
2446885.226	2.9		ILS
2446888.297	3		ILS
2446889.225	2.9		ILS
2446890.25	3		ILS
2446899.247	3		ILS
2446900.247	3		ILS
2446901.226	3		ILS
2446904.232	2.9		ILS
2446905.242	2.9		ILS
2446907.27	3		ILS
2446910.231	2.9		ILS
2446911.236	3		ILS
2446921.249	3.1		ILS
2446930.243	3		ILS
2446984.585	2.9		ILS
2446986.564	2.9		ILS
2446988.558	3		ILS
2446989.555	3		ILS
2446990.555	3.1		ILS
2446991.551	3		ILS
2446992.552	3.1		ILS
2446995.557	3		ILS
2446997.533	2.9		ILS
2446998.577	3.1		ILS
2447002.576	3		ILS
2447003.54	3		ILS
2447004.546	3		ILS
2447005.519	3.1		ILS
2447006.579	3.1		ILS
2447008.556	3		ILS
2447009.544	3.1		ILS
2447010.568	3		ILS
2447011.524	3		ILS
2447012.553	3.1		ILS
2447013.556	3		ILS
2447014.517	3.1		ILS
2447015.522	3.1		ILS
2447016.52	3.1		ILS
2447017.551	3		ILS
2447018.565	3		ILS
2447019.565	3.1		ILS
2447020.598	3		ILS
2447021.556	3		ILS
2447022.55	3		ILS
2447023.53	3		ILS
2447024.505	3		ILS
2447025.56	3		ILS
2447026.505	3		ILS
2447027.56	3		ILS
2447028.508	3		ILS
2447029.536	3		ILS
2447030.506	3		ILS
2447031.523	3		ILS
2447032.564	2.9		ILS
2447033.513	3		ILS
2447034.599	3		ILS
2447035.569	3		ILS
2447036.522	3		ILS
2447037.5	3		ILS
2447039.555	3		ILS
2447040.565	3		ILS
2447041.449	3.1		ILS
2447042.466	3		ILS
2447043.518	3.1		ILS
2447044.55	3.1		ILS
2447045.547	3		ILS
2447046.547	2.9		ILS
2447047.547	3		ILS
2447048.55	3		ILS
2447049.554	2.9		ILS
2447050.55	3		ILS
2447051.598	3.1		ILS
2447052.547	2.9		ILS
2447053.426	3.1		ILS
2447054.463	3		ILS
2447056.426	3.1		ILS
2447057.537	3		ILS
2447058.453	3		ILS
2447062.504	3.1		ILS
2447063.557	3		ILS
2447064.403	3.1		ILS
2447065.544	3		ILS
2447066.431	3.1		ILS
2447067.486	3		ILS
2447068.506	3		ILS
2447069.569	3.1		ILS
2447070.48	3		ILS
2447071.439	3.1		ILS
2447072.512	3		ILS
2447073.367	3.1		ILS
2447074.567	3		ILS
2447075.567	2.9		ILS
2447076.552	3		ILS
2447077.463	3		ILS
2447078.553	2.9		ILS
2447080.552	3.1		ILS
2447081.392	3.1		ILS
2447082.355	3.1		ILS
2447083.42	3.1		ILS
2447084.379	3.1		ILS
2447088.484	3		ILS
2447089.506	3.1		ILS
2447091.407	3		ILS
2447093.347	3.1		ILS
2447094.577	3		ILS
2447095.603	3		ILS
2447097.36	3		ILS
2447099.419	3.1		ILS
2447101.508	3.1		ILS
2447110.351	3.1		ILS
2447112.383	3		ILS
2447114.376	3		ILS
2447117.335	3.1		ILS
2447118.56	3		ILS
2447119.579	3		ILS
2447120.269	3.1		ILS
2447123.358	3.1		ILS
2447124.303	3.1		ILS
2447125.258	3		ILS
2447126.235	3		ILS
2447128.462	3		ILS
2447129.317	3.1		ILS
2447135.226	3		ILS
2447142.318	3		ILS
2447144.283	3		ILS
2447147.323	3		ILS
2447149.559	3		ILS
2447152.481	3.1		ILS
2447153.238	3.1		ILS
2447157.211	3		ILS
2447158.205	2.9		ILS
2447159.223	3		ILS
2447160.204	2.9		ILS
2447160.298	3.2		GFT
2447163.213	3.1		ILS
2447164.221	3		ILS
2447166.317	3.1		ILS
2447167.238	3.1		ILS
2447168.502	3.1		ILS
2447169.363	3.3		GFT
2447169.391	3.3		GFT
2447171.356	3.1		ILS
2447172.217	3.3		GFT
2447172.259	3.3		GFT
2447173.229	3		ILS
2447176.338	3.1		GFT
2447176.358	3.1		GFT
2447176.378	3.1		GFT
2447178.199	2.9		ILS
2447179.233	2.9		ILS
2447181.288	3.3		GFT
2447183.247	3		ILS
2447186.212	3		ILS
2447187.215	3		ILS
2447188.399	3		ILS
2447189.285	3		ILS
2447195.242	3.2		GFT
2447195.288	3.2		GFT
2447197.226	2.9		ILS
2447199.197	3		ILS
2447200.211	3		ILS
2447204.377	3.3		GFT
2447204.401	3.3		GFT
2447205.307	3.3		GFT
2447205.328	3.3		GFT
2447206.236	3		ILS
2447206.283	3.3		GFT
2447206.297	3.3		GFT
2447207.286	3.3		GFT
2447207.304	3.3		GFT
2447208.29	3.3		GFT
2447208.304	3.3		GFT
2447210.303	3.6		GFT
2447212.283	3.6		GFT
2447212.3	3.5		GFT
2447214.305	3.2		GFT
2447226.293	3.3		GFT
2447226.309	3.3		GFT
2447229.31	3.3		GFT
2447230.292	3.2		GFT
2447235.304	3.2		GFT
2447235.321	3.2		GFT
2447241.228	3		ILS
2447247.31	3.3		GFT
2447247.326	3.3		GFT
2447247.35	3.3		GFT
2447248.255	3		ILS
2447253.334	3.3		GFT
2447256.364	3.3		GFT
2447256.391	3.3		GFT
2447257.237	3.1		ILS
2447260.303	3.3		GFT
2447261.289	3.1		ILS
2447262.329	3.3		GFT
2447262.349	3.3		GFT
2447262.366	3.3		GFT
2447262.382	3.3		GFT
2447263.331	3.3		GFT
2447263.347	3.3		GFT
2447264.314	2.9		ILS
2447267.324	3.3		GFT
2447267.339	3.3		GFT
2447287.24	3		ILS
2447290.273	2.9		ILS
2447291.28	2.9		ILS
2447298.272	2.9		ILS
2447301.247	3		ILS
2447303.246	3		ILS
2447303.356	3.3		GFT
2447303.377	3.3		GFT
2447303.385	3.3		GFT
2447304.26	3		ILS
2447304.356	3.3		GFT
2447304.371	3.3		GFT
2447304.383	3.3		GFT
2447304.399	3.3		GFT
2447305.266	2.9		ILS
2447346.579	3		ILS
2447347.574	3.1		ILS
2447348.572	3.1		ILS
2447349.568	3.1		ILS
2447350.576	3.1		ILS
2447351.574	3.1		ILS
2447352.567	3.1		ILS
2447353.559	3.1		ILS
2447356.572	3.1		ILS
2447357.577	3.1		ILS
2447358.56	3.1		ILS
2447359.569	3.1		ILS
2447360.572	3.1		ILS
2447361.568	3.1		ILS
2447363.531	3.1		ILS
2447365.533	3.1		ILS
2447366.528	3.1		ILS
2447367.536	3.1		ILS
2447368.525	3.1		ILS
2447369.586	3.1		ILS
2447372.533	3.1		ILS
2447373.575	3.1		ILS
2447374.565	3.1		ILS
2447375.572	3.1		ILS
2447376.578	3.1		ILS
2447377.508	3.1		ILS
2447378.583	3.1		ILS
2447379.529	3.1		ILS
2447381.513	3.1		ILS
2447382.594	3.1		ILS
2447384.494	3.1		ILS
2447385.511	3.1		ILS
2447386.5	3.1		ILS
2447387.513	3.1		ILS
2447388.576	3.1		ILS
2447389.515	3.1		ILS
2447390.495	3.1		ILS
2447391.51	3.1		ILS
2447392.594	3.1		ILS
2447393.49	3.1		ILS
2447394.526	3.1		ILS
2447395.499	3		ILS
2447396.497	3.1		ILS
2447397.511	3.1		ILS
2447398.581	3.1		ILS
2447399.555	3.1		ILS
2447400.547	3.1		ILS
2447401.581	3.1		ILS
2447402.575	3.1		ILS
2447403.591	3.1		ILS
2447404.581	3.1		ILS
2447405.59	3		ILS
2447406.563	3		ILS
2447407.559	3		ILS
2447409.579	3		ILS
2447410.583	3.1		ILS
2447412.528	3		ILS
2447413.606	3		ILS
2447414.544	3.1		ILS
2447416.464	3		ILS
2447417.543	3.1		ILS
2447418.582	3		ILS
2447419.443	3		ILS
2447420.569	3.1		ILS
2447421.489	3		ILS
2447422.387	3.1		ILS
2447423.586	3.1		ILS
2447424.397	3.1		ILS
2447425.466	3.1		ILS
2447426.499	3		ILS
2447427.55	3		ILS
2447428.583	3		ILS
2447429.581	3		ILS
2447430.589	2.9		ILS
2447431.583	2.9		ILS
2447433.579	3		ILS
2447434.61	2.8		ILS
2447435.616	3		ILS
2447436.612	3.1		ILS
2447438.435	3.1		ILS
2447440.474	3		ILS
2447444.564	3		ILS
2447446.36	3.1		ILS
2447450.569	3.1		ILS
2447452.401	3.1		ILS
2447454.412	3.1		ILS
2447456.533	3.1		ILS
2447459.43	3.1		ILS
2447462.388	3.1		ILS
2447465.33	3.1		ILS
2447469.424	3		ILS
2447471.575	3.1		ILS
2447472.26	3.1		ILS
2447474.292	3.1		ILS
2447475.397	3		ILS
2447502.183	3.1		ILS
2447801.355	3		ILS
2447820.385	3		ILS
2447821.342	3		ILS
2447829.293	2.8		ILS
2447833.285	2.8		ILS
2447835.265	2.8		ILS
2447836.318	3		ILS
2447837.365	2.9		ILS
2447838.528	2.9		ILS
2447839.515	3		ILS
2447847.265	2.9		ILS
2447852.377	3.1		ILS
2447853.28	3		ILS
2448279.4	3.1		LMF
2448286.4	3.1		LMF
2448291.4	3.1		LMF
2448298.4	3		LMF
2449023.348	3		OER
2449039.393	3		OER
2449046.32	3		BXR
2449066.243	3.7		OER
2449087.317	3.1		BXR
2449092.276	3.1		OER
2449247.476	2.9		BXR
2449260.387	3		BXR
2449264.383	2.9		OER
2449332.479	3.1		OER
2449372.408	3.1		OER
2449390.318	3.1		OER
2449393.467	3.1		OER
2449394.325	3		OER
2449398.358	3.1		OER
2449401.251	3.5		OER
2449402.329	3.1		OER
2449414.246	3.1		OER
2449416.305	3.1		OER
2449421.275	3.1		OER
2449439.239	3.1		OER
2449451.223	3.1		OER
2449456.28	3.1		OER
2449456.281	3		BXR
2449458.293	2.8		BXR
2449580.537	3.1		OER
2449708.806	3		SQR
2449716.681	3		SQR
2449717.657	3.1		SQR
2449720.62	2.8		SQR
2449721.586	3		SQR
2449722.685	2.9		SQR
2449723.622	3		SQR
2449724.679	3.1		SQR
2449734.542	3		SQR
2449737.605	3.1		SQR
2449740.556	3		SQR
2449746.536	3.1		SQR
2449751.681	2.9		SQR
2449757.67	2.8		SQR
2449769.669	2.9		SQR
2450182.3	3.8		KLW
2450316.5	3.4		KLW
2451053.5	3.1		RMQ
2451282.403	3.3		MKW
2452958.25	3.1		FLE
2452965.243	3.2		FLE
2453022.563	2.9		RJG
2453022.564	2.9		CAI
2453049.253	3.2		FLE
2453053.573	3.4		HJK
2453054.51	3.4		HJK
2453056.247	3.3		FLE
2453056.552	3.3		HJK
2453062.316	2.9		RJG
2453062.319	3		CAI
2453077.326	3		RJG
2453077.33	3		CAI
2453108.351	3		RJG
2453108.353	3		CAI
2453137.388	3		RJG
2453137.389	3.1		CAI
2453140.32	3.2		FLE
2453231.576	3.1		FLE
2453273.434	2.9		RJG
2453273.435	2.9		CAI
2453284.463	3	
2453290.319	3.1	
2453297.454	3	
2453304.401	3	
2453313.318	3	
2453315.441	3		RJG
2453315.442	3.1		CAI
2453321.319	3	
2453322.345	2.9	
2453345.25	3.1	
2453347.271	3		SYF
2453350.423	3.1	
2453350.475	3		RJG
2453350.477	3		CAI
2453355.198	3	
2453359.195	3	
2453374.325	3		RJG
2453374.329	3		CAI
2453374.9	3		BJOH
2453376.68	3.5		BJOH
2453380.247	3	
2453382.73	3.1		BJOH
2453385.64	3.3		BJOH
2453387.282	2.9	
2453387.59	3.4		BJOH
2453389.62	3.3		BJOH
2453392.61	3.4		BJOH
2453393.82	3.1		BJOH
2453394.63	3.3		BJOH
2453395.76	3		BJOH
2453400.59	3.5		BJOH
2453403.63	3.4		BJOH
2453404.283	3		RJG
2453404.286	3		CAI
2453404.59	3.2		BJOH
2453406.6	3.3		BJOH
2453407.59	3.3		BJOH
2453408.426	2.9	
2453409.279	3.1		SYF
2453411.64	3.3		BJOH
2453412.295	2.9	
2453417.69	3		BJOH
2453418.65	2.9		BJOH
2453426.65	3.1		BJOH
2453427.69	3		BJOH
2453431.37	2.9		RJG
2453431.372	3		CAI
2453436.6	3.4		BJOH
2453437.63	2.9		BJOH
2453439.66	3.1		BJOH
2453441.61	3.1		BJOH
2453442.316	3		SYF
2453443.62	3		BJOH
2453444.61	3.1		BJOH
2453450.74	3.2		BJOH
2453455.61	3		BJOH
2453458.62	3		BJOH
2453459.323	3		SYF
2453460.63	3		BJOH
2453463.62	3.1		BJOH
2453465.415	3.1	
2453468.64	3		BJOH
2453470.334	3		RJG
2453470.336	3.1		CAI
2453470.63	2.9		BJOH
2453472.63	3		BJOH
2453476.64	3.1		BJOH
2453482.65	3.1		BJOH
2453493.66	3.1		BJOH
2453494.64	3.1		BJOH
2453496.382	3		RJG
2453496.385	3		CAI
2453499.64	3		BJOH
2453502.65	3		BJOH
2453505.65	3		BJOH
2453509.64	2.9		BJOH
2453510.65	3		BJOH
2453568.99	3.6		BJOH
2453574	3.5		BJOH
2453575.97	3.1		BJOH
2453581	3.4		BJOH
2453584.98	3.5		BJOH
2453593	3.1		BJOH
2453598.01	3.5		BJOH
2453602.485	2.9	
2453603.98	3.3		BJOH
2453610.506	3	
2453612.494	3	
2453613.01	3.4		BJOH
2453615.439	3	
2453617.88	3.4		BJOH
2453619.43	3	
2453620.482	3	
2453620.99	3.4		BJOH
2453623.492	3	
2453627.98	3.4		BJOH
2453633.438	3	
2453635.02	3.4		BJOH
2453636.467	3	
2453641.446	3	
2453642.03	3.4		BJOH
2453645.424	3		RJG
2453645.427	3		CAI
2453651.473	3	
2453653.461	2.9	
2453673.395	3	
2453674.444	3	
2453675.426	3	
2453676.436	3	
2453678.528	2.9		RJG
2453678.529	3		CAI
2453680.99	3.1		BJOH
2453694.83	3.1		BJOH
2453704.99	3.1		BJOH
2453710.419	3.1		RJG
2453710.421	3.1		CAI
2453744.31	3	
2453746.429	3	
2453747.24	3	.5	
2453750.339	3	
2453751.305	3	
2453752.306	3	
2453754.403	3		RJG
2453754.404	3.1		CAI
2453761.239	3	
2453762.319	3	
2453763.333	3	
2453764.357	3	
2453765.339	3	
2453772.497	3		RJG
2453772.499	3		CAI
2453786.385	3	
2453791.341	3	
2453794.324	3	
2453795.352	3	
2453797.335	2.9	
2453802.351	3	
2453803.375	3	
2453814.351	2.9	
2453818.329	3	
2453828.348	3	
2453836.404	3		RJG
2453836.405	3		CAI
2453865.326	3	
2453865.381	3		RJG
2453865.381	3		CAI
2453947.485	3.1	
2454004.434	3		RJG
2454004.436	2.9		CAI
2454038.463	3.1		RJG
2454038.465	3.1		CAI
2454039.385	3	
2454040.393	2.9		RFC
2454049.39	2.9		RFC
2454057.357	2.9		RFC
2454066.351	3		RFC
2454066.431	3	
2454078.37	3		RFC
2454083.449	3		RJG
2454083.451	3.1		CAI
2454084.382	2.9		RFC
2454090.51	3		RFC
2454096.369	3		RFC
2454096.372	3	
2454109.376	2.9		RFC
2454118.333	2.9		RFC
2454134.382	3	
2454149.369	2.9	
2454172.388	3	
2454182.335	2.9	
2454188.328	3	
2454191.313	3	
2454208.326	3	
2454318.5	2.95		SSW
2454338.485	3	
2454360.571	2.95		SSW
2454366.482	3		RJG
2454366.483	3		CAI
2454366.502	2.95		SSW
2454367.445	3	
2454381.458	3		SSW
2454388.542	2.95		SSW
2454408.35	3.1		STF
2454410.417	3	
2454437.433	2.9	
2454440.472	2.95		SSW
2454446.709	3		GFT
2454447.517	3		RJG
2454447.519	3.1		CAI
2454462.367	3	
2454464.325	3	
2454464.358	3		SDAV
2454466.38	3.2		GFT
2454475.604	3.1		ASA
2454476.444	2.95		SSW
2454477.311	3.2		GFT
2454478.292	3	
2454478.313	3.05		GFT
2454480.358	3.05		GFT
2454480.441	3	
2454489.382	3		SSW
2454492.363	3.1		GFT
2454493.35	3.1		GFT
2454494.415	3	
2454497.3	3.1		STF
2454497.383	3	
2454499.306	3.2		GFT
2454499.563	3.3		TWA
2454500.349	3	
2454500.366	2.95		SSW
2454502.347	3.2		GFT
2454503.347	3.05		GFT
2454503.392	3.4		VUG
2454505.322	3.05		GFT
2454506.383	3.5		SDAV
2454507.312	3.1		GFT
2454507.34	2.9	
2454507.377	2.95		SSW
2454507.428	3.3		SJAN
2454508.336	3.1		GFT
2454508.343	3	
2454508.603	3.3		TWA
2454509.34	3	
2454511.605	3.27		TWA
2454513.362	3	
2454513.362	2.9		GFT
2454514.32	2.9		GFT
2454519.322	3.05		GFT
2454521.32	3		SSW
2454521.365	3	
2454521.525	3.35		TWA
2454522.34	3.05		GFT
2454523.365	3		SDAV
2454523.376	3	
2454525.36	3	
2454528.339	3		ILE
2454529.333	3		SDAV
2454531.352	3.05		GFT
2454531.364	2.9		SSW
2454532.274	3		RZM
2454532.388	3.1	
2454533.397	3	
2454535.313	3		SDAV
2454536.34	2.95		SSW
2454544.285	2.9		SSW
2454544.349	2.95		GFT
2454544.408	3.1	
2454549.333	3		HRZ
2454549.417	3		BXQ
2454552.258	3		RZM
2454552.319	2.95		SSW
2454552.379	3.1	
2454553.367	3	
2454554.33	3		SGX
2454554.349	2.9		GFT
2454555.351	3.05		GFT
2454555.539	3		MDP
2454556.366	3.1	
2454557.272	3		RZM
2454557.302	3		SSW
2454557.365	3.1	
2454561.342	3		GFT
2454563.378	3		SSW
2454563.554	3		MPS
2454564.281	3		RZM
2454564.361	3		SDAV
2454566.385	3		SDAV
2454567.319	3.1	
2454570.29	3		RZM
2454570.309	3		SSW
2454570.344	3.1	
2454571.319	3.1	
2454571.406	3.5		SDAV
2454573.396	3.5		SDAV
2454578.301	3		RZM
2454581.306	3		RZM
2454583.391	3		VUG
2454585.353	3		SSW
2454586.32	3		RZM
2454594.333	3		SSW
2454594.333	3		SSW
2454595.326	3		RZM
2454604.578	3		MDP
2454653.842	3		MDP
2454656.521	3		SSW
2454657.838	3.1		MDP
2454674.007	3		HTN
2454674.524	3.05	0.003	SSW
2454675.536	3		RZM
2454675.556	3.1	
2454675.8	3.1		MDP
2454676.825	3.1		MDP
2454677.544	3	
2454678.488	2.9	
2454679.54	3.05	0.05	SSW
2454679.542	2.9	
2454680.324	3.2		ASA
2454680.492	3	
2454680.974	3		HTN
2454682.549	3.05	0.002	SSW
2454682.836	3.1		MDP
2454683.458	3.2		WAU
2454683.994	2.9		HTN
2454684.994	3		HTN
2454685.501	3.1	
2454686.476	3.1	
2454687.769	3.1		MDP
2454687.969	3		HTN
2454688.797	3.1		MDP
2454689.524	3		SSW
2454689.535	3	
2454689.994	3.1		HTN
2454690.499	3.1	
2454691	3		HTN
2454694.003	3.1		HTN
2454697.001	2.8		HTN
2454697.008	3.1		ASA
2454697.54	3.05		SSW
2454699.001	3		HTN
2454699.007	3.1		ASA
2454700.878	3.4		TYS
2454702.967	3.1		ASA
2454703.934	2.9		HTN
2454703.937	2.9		HTN
2454704.691	3.2		GFT
2454705.547	3.05		SSW
2454705.59	3		RZM
2454705.688	3.2		GFT
2454706.69	3.2		GFT
2454707	3.1		ASA
2454707.681	3.2		GFT
2454708.003	3.1		ASA
2454708.56	3.15		SSW
2454708.68	3.1		GFT
2454709.007	3.1		ASA
2454709.674	3.1		ASA
2454710.587	3.1		RZM
2454710.715	3.1		ASA
2454711.714	3.1		ASA
2454712.001	3		HTN
2454712.525	3.1		SSW
2454712.708	3.1		ASA
2454713.597	3.1		RZM
2454713.715	3.1		ASA
2454715.003	3.1		ASA
2454715.003	2.8		HTN
2454716.513	3.1	0.02	
2454716.7	3.2		GFT
2454717.004	3.1		ASA
2454717.684	3.1		GFT
2454717.746	3.1		MDP
2454718.005	3.1		ASA
2454719	3.1		ASA
2454719.458	3	
2454719.67	3.1		GFT
2454720.005	3.1		ASA
2454720.535	3.1		SSW
2454720.763	3.1		MDP
2454721.001	3		HTN
2454723.67	3.2		GFT
2454725.643	3.1		GFT
2454725.708	3.1		ASA
2454726.688	3.2		GFT
2454727.001	3		HTN
2454727.74	3.4		ASA
2454728.75	3.1		ASA
2454728.867	3.3		TYS
2454729.692	3.1		GFT
2454730.757	3.1		ASA
2454733	3.1		ASA
2454733.001	3		HTN
2454734.002	2.8		HTN
2454734.958	3.2		ASA
2454735.347	3.3		WAU
2454736.683	3.1		GFT
2454736.75	3.1		ASA
2454737.501	3.05		SSW
2454737.573	3.1		VOL
2454737.601	3		RZM
2454737.67	3.1		GFT
2454737.757	3.1		ASA
2454737.917	2.9		HTN
2454738.01	3.1		WAH
2454738.458	3.1		VOL
2454738.686	3.2		GFT
2454738.715	3.1		ASA
2454740.013	3.1		HTN
2454740.667	3.1		ASA
2454740.975	3		OSN
2454741.486	3.1		SSW
2454741.688	3.1		ASA
2454742.696	3.1		GFT
2454743.021	3.1		ASA
2454743.485	3.1		RJG
2454743.487	3.2		CAI
2454743.702	3.2		GFT
2454744.712	3.1		GFT
2454744.979	3.1		ASA
2454745.351	3.2		VOL
2454745.49	3.1		SSW
2454745.799	3		HTN
2454746.007	3.1		ASA
2454746.983	3.1		OSN
2454747.007	3.1		ASA
2454747.008	3		HTN
2454747.697	3.1		ASA
2454747.924	3.4		WAH
2454748.713	3.2		GFT
2454748.885	3.1		ASA
2454749.013	3		HTN
2454749.651	3.1		MDP
2454749.691	3.2		GFT
2454749.915	2.9		OSN
2454749.958	3.2		ASA
2454750.007	3.1		ASA
2454750.483	3.05		SSW
2454750.678	3.15		GFT
2454750.928	3.1		HTN
2454751.007	3.1		ASA
2454751.611	3.1		RZM
2454751.892	3.1		WAH
2454751.969	3.1		ASA
2454753.013	3		HTN
2454753.102	3.1		ASA
2454753.997	3.1		ASA
2454754.015	3		HTN
2454754.903	3.1		ASA
2454755.01	2.9		HTN
2454755.875	3.1		ASA
2454756.666	3.2		GFT
2454756.919	3.3		TYS
2454757.007	3.1		ASA
2454758.003	3.1		ASA
2454758.451	3		SSW
2454758.649	3.1		ASA
2454758.692	3.2		GFT
2454758.897	3		WAH
2454759.61	3.1		MDP
2454759.683	3.3		GFT
2454760.01	3.1		ASA
2454760.316	3.2		WAU
2454760.431	3.1		VOL
2454760.601	3		RZM
2454760.719	3.1		ASA
2454760.774	3.1		HTN
2454761.439	3		SSW
2454762.007	3.1		ASA
2454762.552	2.8		SDAV
2454762.892	3		WAH
2454763.014	3.1		ASA
2454763.342	3.1		GFT
2454763.633	3.1		MDP
2454763.771	3.1		ASA
2454764.01	3.1		HTN
2454764.724	3		GFT
2454764.936	3		OSN
2454765.007	3.1		ASA
2454765.684	3.2		GFT
2454765.89	3		HTN
2454766.007	3.1		ASA
2454766.392	3.1		SSW
2454766.6	3		RZM
2454766.883	3.1		ASA
2454766.898	3		WAH
2454766.996	3.1		OSN
2454767.937	3.1		OSN
2454768.007	3.1		ASA
2454768.01	3.3		HTN
2454769.005	3		OSN
2454769.007	3.1		ASA
2454770.007	3.1		ASA
2454770.59	3.1		BQE
2454770.735	3.15		GFT
2454770.984	3		OSN
2454771.007	3.1		ASA
2454771.629	3		RZM
2454771.938	3.1		OSN
2454772.007	3.1		ASA
2454772.526	3.1		MDP
2454772.897	3		TYS
2454772.903	3.1		WAH
2454773.708	3.1		ASA
2454774.3	3		NDQ
2454774.451	3.2		VOL
2454774.542	3.1		MDP
2454774.736	3.1		GFT
2454775.896	3.1		ASA
2454776.333	3.1		VOL
2454776.608	3.3		MDP
2454776.965	3.1		OSN
2454777.007	3.1		ASA
2454777.053	3.1		HTN
2454777.74	3.1		HTN
2454778.007	3.1		ASA
2454778.488	3.1		BVS
2454778.631	3.1		RZM
2454778.914	3.1		WAH
2454779.007	3.1		ASA
2454779.558	3.3		MDP
2454779.94	3		OSN
2454780	3.1		ASA
2454780.331	3		SSW
2454780.463	3.1		BVS
2454780.931	3.1		ASA
2454781.056	3.1		HTN
2454781.566	3.1		RZM
2454781.66	3.1		ASA
2454782.3	2.95		NDQ
2454782.321	2.8		ZAR
2454782.632	3.1		ASA
2454782.973	3.2		OSN
2454783.007	3.1		ASA
2454784.007	3.1		ASA
2454784.68	3.1		BHA
2454785.665	3.1		ASA
2454786.213	3.1		BHA
2454786.833	3.1		ASA
2454786.949	3.1		OSN
2454787.526	3.1		ASA
2454787.621	3		OSN
2454788.211	3.1		BHA
2454788.292	3.1		VOL
2454788.506	3		SSW
2454788.591	3		RZM
2454789.523	3		WAH
2454790.056	3.1		HTN
2454790.372	3.1		BVS
2454790.5	2.8		SDAV
2454791.632	3.1		ASA
2454792.007	3.1		ASA
2454792.613	3		SSW
2454792.625	3		BVT
2454792.839	3.1		KMA
2454793.007	3.1		ASA
2454793.2	2.95		NDQ
2454793.677	2.9		HTN
2454793.693	3.1		MDP
2454794.01	3.1		ASA
2454794.417	2.8		SDAV
2454795.31	3.2		VUG
2454797.342	3		BVS
2454797.583	3		BEB
2454798.292	3.1		SSW
2454798.3	3.1		VOL
2454798.656	3.1		BHA
2454798.694	3		HTN
2454799.01	3.1		ASA
2454799.281	3.2		BHA
2454799.372	3.1		RZM
2454799.574	3.1		ASA
2454800.194	3.1		BHA
2454800.438	3		KMO
2454800.71	3.1		HTN
2454801.014	3.1		ASA
2454801.205	3.1		BHA
2454801.3	3.1		VOL
2454802.007	3.1		ASA
2454802.379	3.1		LMT
2454802.599	3.1		ASA
2454802.679	3.1		BHA
2454803.638	3		OSN
2454803.677	3.1		BHA
2454804.007	3.1		ASA
2454805.007	3.1		ASA
2454805.847	3.1		KMA
2454805.956	3		TYS
2454806.51	3.1		MDP
2454806.632	3.1		MRV
2454806.753	3		HTN
2454807.531	3.1		VOL
2454808.515	3.1		MDP
2454809.014	3.1		ASA
2454809.646	3.1		ASA
2454809.677	3.1		BHA
2454810.26	3		SSW
2454810.3	2.95		NDQ
2454810.313	3		KMO
2454811.542	3.1		ASA
2454811.899	3.3		KMA
2454813.613	2.9		SRYA
2454814.457	2.95		SSW
2454814.625	3.1		HTN
2454815.188	3.1		BHA
2454815.635	3.1		ASA
2454815.677	3.1		BHA
2454816.185	3.1		BHA
2454816.239	3		RZM
2454816.372	3		RFC
2454816.476	3.3		KMA
2454816.639	3.1		ASA
2454818.357	2.9		BVS
2454819.604	3		ASA
2454819.728	3.1		MDP
2454820.319	3		BVS
2454820.406	3.1		VOL
2454820.759	2.8		HTN
2454821.49	3		OSN
2454821.653	2.9		HTN
2454822.22	3.1		SGX
2454822.433	3		RFC
2454822.5	3		PPL
2454822.674	3.1		ASA
2454823.188	3.1		BHA
2454824.191	3		SSW
2454824.2	2.95		NDQ
2454825.331	3		RZM
2454825.633	3.1		ASA
2454825.734	3.1		WAH
2454826.279	3.3		VUG
2454826.604	3.1		ASA
2454827.292	3		SDAV
2454827.469	3.1		SDAV
2454828.28	3.1		VOL
2454828.333	2.6		SDAV
2454828.424	3.2		PLP
2454828.472	2.9		ILE
2454828.526	3.1		MRV
2454828.604	3.1		ASA
2454829.208	3.1		BHA
2454829.49	3		HKB
2454829.563	3.1		ASA
2454829.631	3.1		HTN
2454830.238	3.1		BHA
2454830.281	3		SSW
2454830.726	2.7		CKB
2454830.793	3.1		MDP
2454830.88	3.3		KMA
2454831.199	3.1		BHA
2454831.272	3		RZM
2454831.521	3.1		BEB
2454831.566	3.1		ASA
2454831.567	3.2		WAH
2454831.726	3		HTN
2454832.193	3.1		BHA
2454832.537	3.1		OSN
2454832.838	3.1		MDP
2454833.549	3.3		TYS
2454834.33	3		SSW
2454834.514	3		BEB
2454834.616	3.3		KMA
2454834.678	3.1		ASA
2454835.263	3		RZM
2454835.469	3.2		WAH
2454835.483	3.25		KMA
2454835.54	3		SRYA
2454835.56	3.1		MRV
2454835.735	3.1		MDP
2454836.512	2.9		BBA
2454836.567	3.1		OSN
2454836.67	3		HTN
2454837.472	3.25		KMA
2454837.538	3		BBA
2454837.54	3.1		SRYA
2454838.14	3		KSQ
2454838.354	3.3		ZTO
2454839.42	3		MVO
2454840.472	3.3		KMA
2454840.58	3		BBA
2454842.625	3.1		ASA
2454843.26	3		ATE
2454843.299	3.1		SKA
2454843.661	3		BBA
2454844.232	3		RZM
2454844.3	3.1		BQ
2454844.362	3.1		BVS
2454844.476	3.1		BMK
2454844.586	3		HTN
2454845.198	3.1		KSQ
2454845.508	3.1		BBA
2454845.615	3.1		MPS
2454845.631	3.1		MDP
2454846.604	3.1		ASA
2454846.685	2.9		BBA
2454847.294	3.1		SKA
2454847.368	3		MVO
2454847.38	3.1		WAH
2454847.474	3.3		KMA
2454847.604	3.1		ASA
2454847.681	3.1		MDP
2454847.718	2.8		BBA
2454848.399	3		ZTO
2454848.58	2.7		BBA
2454848.625	3.1		ASA
2454848.672	3		HTN
2454848.774	3.1		MDP
2454849.31	3		ATE
2454849.625	3.1		ASA
2454850.261	3.2		VUG
2454850.375	3		ZTO
2454850.556	3		OSN
2454850.669	3.1		BBA
2454851.459	3.1		SKA
2454851.513	2.9		SSW
2454852.235	3.1		RZM
2454852.339	3		ZTO
2454852.476	3.2		KMA
2454852.492	3.1		SKA
2454852.583	3.1		MDP
2454852.604	3.1		MPS
2454852.654	3.2		BBA
2454853.534	3		BBA
2454853.7	3		SUK
2454855.333	3.1		ONJ
2454855.5	3		WWJ
2454855.586	2.9		BBA
2454855.778	3.1		MDP
2454856.375	3.2		WAH
2454856.483	3.25		KMA
2454856.528	3		TWA
2454856.582	3.1		ASA
2454856.646	3.1		ASA
2454856.693	2.9		BBA
2454857.384	2.9		ZTO
2454857.462	3		GCP
2454857.7	3		SUK
2454858.379	3.2		WAH
2454858.854	3.1		ASA
2454860.381	3.1		LCR
2454860.515	3		BBA
2454860.542	3		BEB
2454860.604	3.1		ASA
2454860.681	2.9		HTN
2454861.37	3.1		WAH
2454861.371	3.1		BVS
2454861.472	3.1		TWA
2454861.517	3		BBA
2454861.584	3		HTN
2454861.625	3.1		ASA
2454862.312	3		ATE
2454862.399	2.9		ZTO
2454862.535	3		BBA
2454862.71	3.1		ASA
2454863.274	3		MVO
2454863.346	3		ATE
2454863.544	3		BBA
2454864.339	3.1		RZM
2454864.513	3.4		TYS
2454864.548	3.1		BBA
2454864.739	3.1		MDP
2454865.413	3.2		WAH
2454865.491	3.35		KMA
2454865.507	3		MDP
2454865.618	3.1		SRYA
2454865.633	2.9		BBA
2454865.681	3.1		ASA
2454866.212	2.9		KSQ
2454866.3	2.9		PHG
2454866.625	3.1		ASA
2454866.666	3.2		BBA
2454867.2	3		DMP
2454867.32	3		ATE
2454867.563	3		HKM
2454867.611	3.1		ASA
2454867.647	3		BBA
2454867.672	3		MDP
2454868.626	3.2		BBA
2454868.64	3		ASA
2454869.617	3		MDP
2454870.492	3.1		WAH
2454870.548	2.9		BBA
2454871.506	3.4		KMA
2454871.507	3.1		SLH
2454871.556	3.1		HKM
2454872.34	3		ATE
2454872.479	3.1		TWA
2454872.688	3		ASA
2454873.2	3		DMP
2454873.492	3.2		WAH
2454873.564	3.1		BBA
2454873.59	3.1		ASA
2454874.342	3.1		LCR
2454874.587	3.1		ASA
2454874.853	3		ATE
2454875.37	3.1		HSQ
2454875.608	3.2		BBA
2454876.301	3		ATE
2454876.572	3		MDP
2454876.597	3.1		ASA
2454877.32	3		ATE
2454877.384	2.9		ZTO
2454877.531	3.2		BBA
2454878.296	3		ATE
2454878.316	3		MVO
2454878.573	3		HKM
2454878.608	3		BBA
2454879.292	3		KMO
2454879.328	3		ATE
2454879.519	3.2		WAH
2454879.571	3		MDP
2454879.618	3.1		ASA
2454879.625	3.1		ASA
2454880.281	2.9		ZTO
2454880.328	3		ATE
2454880.485	3.1		TWA
2454880.604	3.1		ASA
2454880.646	3		MDP
2454881.318	3		ATE
2454881.583	3.1		ASA
2454881.688	3		HTN
2454882.235	3.1		SSW
2454882.285	2.4		KSQ
2454882.317	3		ATE
2454882.604	3.1		ASA
2454882.611	3.2		WAH
2454882.655	2.8		BBA
2454882.747	3		BEB
2454883.262	3.1		RZM
2454883.327	3		ATE
2454883.604	3.1		ASA
2454883.658	3.2		SLH
2454884.317	3		ATE
2454884.625	3.1		ASA
2454884.792	3.2		BBA
2454885.1	3.2		DMP
2454885.327	3		ATE
2454885.382	3		AJV
2454885.558	3.2		BBA
2454885.611	3.1		ASA
2454886.317	3		ATE
2454886.604	3.1		ASA
2454887.315	3.1		ATE
2454887.396	3.2		PLP
2454887.529	3.5		BBA
2454887.615	3.1		ASA
2454888.316	3		MVO
2454888.325	3.1		ATE
2454888.561	3		BBA
2454888.732	3.2		WAH
2454889.22	3		KSQ
2454889.311	3.1		LCR
2454889.322	3.1		ATE
2454889.594	3.1		ASA
2454890.312	3.1		ATE
2454890.604	3.1		ASA
2454890.63	3.1		BBA
2454891.253	3.1		RZM
2454891.328	3.1		ATE
2454891.569	3.2		BBA
2454891.592	3		MDP
2454891.692	3.1		ASA
2454892.347	3.1		SSW
2454892.541	3.2		BBA
2454892.604	3.1		ASA
2454892.667	3		MDP
2454893.3	2.9		SHZ
2454893.358	3		AJV
2454893.498	2.9		BVE
2454893.532	3.2		BBA
2454894.1	3.3		DMP
2454894.5	3.3		SUS
2454894.604	3.1		ASA
2454895.62	3		BBA
2454896.713	3.2		BBA
2454898.247	3		MVO
2454898.33	3.2		ATE
2454898.382	3.1		MGK
2454898.833	3		HTN
2454899.3	2.9		SHZ
2454899.34	3.2		ATE
2454900.324	3.1		BVS
2454900.338	3.2		ATE
2454900.368	3		AJV
2454900.604	3.1		ASA
2454901.336	3.1		LCR
2454901.348	3.2		ATE
2454901.604	3.1		ASA
2454902.347	3.2		ATE
2454902.614	2.9		BBA
2454902.615	3.1		ASA
2454903.357	3.2		ATE
2454903.695	3.2		BBA
2454904.256	3.1		RZM
2454904.313	3		MVO
2454904.5	3.4		SUS
2454904.556	3.2		BBA
2454904.569	3.1		MPS
2454904.585	3.1		OSN
2454904.625	3.1		ASA
2454904.708	3.1		BEB
2454905	3.2		MXO
2454905.268	3.1		MGK
2454905.313	3.15		SSW
2454905.522	3		MDP
2454905.56	3.1		SRYA
2454905.799	2.9		BBA
2454906.335	3		MGK
2454906.357	3.2		ATE
2454906.542	3.1		LJF
2454906.567	3.1		TWA
2454906.604	3		MDP
2454906.604	3.1		ASA
2454907.229	3.2		KSQ
2454907.355	3.2		ATE
2454907.396	3		SDAV
2454907.424	3		AJV
2454907.569	3.1		BBA
2454907.722	3.2		SGE
2454908.3	2.9		ZTO
2454908.345	3.2		ATE
2454908.4	2.8		PHG
2454908.4	3.4		SUS
2454908.406	3.1		SDAV
2454908.506	3		BVE
2454908.59	3.1		ASA
2454908.592	3.2		TYS
2454908.639	3.2		SLH
2454908.649	3.1		HTN
2454909	3.1		MXO
2454909.349	3.2		ATE
2454909.354	3.1		SSW
2454909.361	3.1		SDI
2454909.406	3		MVO
2454909.649	3		BEB
2454909.67	3.1		ASA
2454909.693	3.3		BBA
2454910.306	3.1		LCR
2454910.359	3.2		ATE
2454910.633	3		BBA
2454910.674	3		AAP
2454911.292	2.9		ZTO
2454911.349	3.2		ATE
2454911.518	3		MDP
2454911.56	3.1		MPS
2454911.583	3.1		LJF
2454911.684	2.9		BQE
2454912.283	3.1		RZM
2454912.292	3.05		SSW
2454912.318	3.3		VUG
2454912.359	3.2		ATE
2454912.551	3.3		PPL
2454912.641	3		BBA
2454913	3.1		MXO
2454913.359	3.2		ATE
2454913.548	3.1		TWA
2454913.564	3		MDP
2454913.614	3.1		ASA
2454914.359	3.2		ATE
2454914.368	3		AJV
2454914.604	3.1		ASA
2454915.359	3.2		ATE
2454916.326	3		SSW
2454916.369	3.2		ATE
2454916.608	3.1		ASA
2454916.677	3.1		AAP
2454917.295	3.1		MVO
2454917.61	3		BBA
2454917.664	3		ERB
2454918.265	3		MGK
2454918.4	3.4		SUS
2454918.575	3.1		BBA
2454918.651	3.1		ASA
2454919.292	3.1		SSW
2454919.299	3.1		RZM
2454920.315	3.2		VWS
2454920.582	2.9		BBA
2454920.678	3		AAP
2454921.3	3		SHZ
2454921.344	3		AJV
2454921.391	3		BVE
2454921.4	3.4		SUS
2454921.533	3		MDP
2454922.285	3.1		SSW
2454922.3	2.8		PHG
2454922.604	3.1		ASA
2454923.23	3.15		BQ
2454923.267	3		MVO
2454923.583	3.1		LJF
2454923.59	3		MDP
2454923.604	3.1		ASA
2454924.296	3		RZM
2454924.37	3.1		BQ
2454924.601	3.1		ASA
2454924.646	3		ASA
2454925.26	3.15		BQ
2454925.549	3		BEB
2454926.27	3.3		BQ
2454926.297	2.98		ZTH
2454926.604	3.1		ASA
2454927	3.1		MXO
2454927.28	3.25		BQ
2454927.524	3.2		TYS
2454928.28	3.3		BQ
2454928.314	3		BSR
2454928.556	3.1		STI
2454928.604	3.1		ASA
2454928.701	3.2		BBA
2454929.26	3.3		BQ
2454929.572	2.9		BBA
2454929.606	3.1		ASA
2454930.27	3.3		BQ
2454930.292	3		KMO
2454930.418	3.1		BVE
2454930.633	2.9		BBA
2454931.28	3		MGK
2454931.3	3.3		BQ
2454931.302	2.9		ZTO
2454932.3	3.2		BQ
2454932.313	3.1		MVO
2454932.34	3		ADI
2454932.4	2.8		PHG
2454932.625	3.1		ASA
2454933.3	3.2		BQ
2454933.553	3		MDP
2454933.583	3.1		LJF
2454933.591	2.9		BBA
2454933.604	2.9		BQE
2454933.625	3.1		MPS
2454934.3	2.3		BQ
2454934.301	3		RZM
2454934.337	3.4		PLP
2454934.389	3.2		AJN
2454934.648	3.1		ASA
2454935.27	4.25		BQ
2454935.303	3		SSW
2454935.337	3.1		LCR
2454935.372	3		DPV
2454935.604	3.1		ASA
2454936.6	3		LNZ
2454936.678	3		AAP
2454937.29	3.25		BQ
2454937.302	3		SSW
2454937.361	3		MVO
2454937.374	3		ZTH
2454937.396	3		AJN
2454937.54	3.1		SRYA
2454937.551	3.05		TWA
2454937.552	3.35		KMA
2454937.567	3.1		MDP
2454937.622	3.1		ASA
2454937.624	2.8		BBA
2454938.29	3.1		BQ
2454938.403	3		AJN
2454938.56	3		PPL
2454938.619	3.1		ASA
2454938.682	3		AAP
2454938.703	3		BBA
2454939.389	3		AJN
2454939.615	3.1		ASA
2454939.659	3.2		BBA
2454940.295	3		MVO
2454940.368	2.95		SSW
2454941.31	2.9		SSW
2454941.313	3		RZM
2454941.32	3.2		BQ
2454941.377	3		BVE
2454941.5	3.3		VUG
2454941.615	3.1		WRP
2454941.629	3.1		ASA
2454941.696	3		AAP
2454942.29	3.3		BQ
2454942.306	3		DPV
2454942.347	3		ATE
2454942.354	3		AJV
2454942.611	3.1		ASA
2454943.29	3.25		BQ
2454943.594	2.9		BBA
2454943.6	3		LNZ
2454943.694	3.1		ASA
2454944.29	3.2		BQ
2454944.324	2.9		SSW
2454944.333	3		LCR
2454944.354	3		ATE
2454944.7	3		AAP
2454945.319	3		MVO
2454945.344	3		ATE
2454945.631	3.1		ASA
2454946.292	3		KMO
2454946.333	2.9		WAU
2454946.399	3.1		VWS
2454946.538	3		STI
2454946.579	3		BBA
2454947.29	3.05		BQ
2454947.313	2.9		SSW
2454947.626	3.1		ASA
2454948.29	3.25		BQ
2454948.71	3		AAP
2454949.268	3		KSQ
2454949.3	3.25		BQ
2454949.304	2.9		DPV
2454949.728	3		AAP
2454950.273	3		KSQ
2454950.3	3.2		BQ
2454950.318	2.9		RZM
2454950.354	2.9		AJV
2454950.703	3		AAP
2454951.29	3.15		BQ
2454951.347	3		MVO
2454951.555	3		MDP
2454952.326	2.9		BSR
2454952.707	3		AAP
2454953.31	3.1		BQ
2454953.316	3		MGK
2454953.342	3		LCR
2454953.361	3		ATE
2454953.715	2.9		AAP
2454954.272	2.9		KSQ
2454954.33	2.9		SSW
2454954.337	3.4		PLP
2454954.367	3		ATE
2454954.743	2.9		AAP
2454955.295	3.15		BQ
2454955.377	3		ATE
2454956.271	3		KSQ
2454956.373	2.9		ATE
2454957.361	3		AJV
2454957.368	2.9		ATE
2454959.272	3		KSQ
2454959.3	3.2		BQ
2454960.34	2.9		MVO
2454960.625	3		ASA
2454961.632	3		ASA
2454961.708	3		WAH
2454961.736	2.9		AAP
2454962.29	3.1		BQ
2454962.342	3.2		WAU
2454962.364	2.9		ATE
2454962.554	3		TYS
2454963.3	3.1		BQ
2454963.374	2.9		BVE
2454963.625	3		ASA
2454963.71	2.6		WAH
2454964.337	2.95		SSW
2454964.619	3		ASA
2454965.62	3		ASA
2454966.364	2.9		ATE
2454966.372	2.9		AJV
2454967.3	3.1		BQ
2454967.364	2.9		ATE
2454968.364	3		ATE
2454968.372	3		LCR
2454968.573	3		MDP
2454969.32	3.1		BQ
2454970.365	3		AJV
2454971.329	2.9		BSR
2454971.333	2.9		PLP
2454974.733	2.9		AAP
2454975.739	12.9:		AAP
2454976.382	2.9		MVO
2454976.74	2.9		AAP
2454978.365	3		AJV
2454981.375	3		AJV
